object_type,object_name,defining_migrations,last_defined_in,rls,forced_rls,policy_count,security_definer,pinned_search_path,security_invoker,grants,revokes,audit_note
"function","add_public_event_to_calendar","1","20260203000002_public_events.sql","","","0","SECURITY DEFINER","public","","EXECUTE->authenticated","",""
"function","add_sample_class_times","1","20260108140000_add_event_date_columns.sql","","","0","SECURITY DEFINER","","","","","SECURITY DEFINER without pinned search_path in this definition"
"function","audit_trigger","1","20260129000000_add_audit_logging.sql","","","0","SECURITY DEFINER","","","","","SECURITY DEFINER without pinned search_path in this definition"
"function","award_xp","5","20260729110000_harden_definer_guards_and_drop_permissive_policies.sql","","","0","SECURITY DEFINER","public","","EXECUTE->authenticated | EXECUTE->service_role","ALL<-PUBLIC | EXECUTE<-anon",""
"function","calculate_level","3","20260124000000_complete_schema_initialization.sql","","","0","SECURITY DEFINER","public","","EXECUTE->authenticated","",""
"function","cleanup_expired_email_verifications","1","20260213000000_email_verifications.sql","","","0","SECURITY DEFINER","''","","EXECUTE->service_role","ALL<-PUBLIC | ALL<-anon | ALL<-authenticated",""
"function","cleanup_expired_password_resets","1","20260216193000_password_resets.sql","","","0","SECURITY DEFINER","''","","EXECUTE->service_role","ALL<-PUBLIC | ALL<-anon | ALL<-authenticated",""
"function","cleanup_expired_rate_limits","1","20260217093000_rate_limits.sql","","","0","SECURITY DEFINER","public","","execute->service_role","all<-public",""
"function","cleanup_expired_webauthn_challenges","1","20260207000000_add_webauthn_tables.sql","","","0","SECURITY DEFINER","","","","","SECURITY DEFINER without pinned search_path in this definition"
"function","cleanup_old_audit_logs","1","20260129000000_add_audit_logging.sql","","","0","SECURITY DEFINER","public","","","",""
"function","clear_user_data","2","20260216090000_harden_security_functions.sql","","","0","SECURITY DEFINER","public","","EXECUTE->authenticated","EXECUTE<-PUBLIC",""
"function","create_unit_with_schedule","3","20260216090000_harden_security_functions.sql","","","0","SECURITY DEFINER","public","","EXECUTE->authenticated","EXECUTE<-PUBLIC",""
"function","create_user_profile","5","20260730160000_fix_student_id_function_residue.sql","","","0","SECURITY DEFINER","'public'","","EXECUTE->authenticated | EXECUTE->authenticated, service_role","EXECUTE<-PUBLIC | ALL<-PUBLIC | ALL<-anon",""
"function","ensure_my_gamification_profile","1","20260729090300_fix_gamification_and_schedule_tampering.sql","","","0","SECURITY DEFINER","public","","EXECUTE->authenticated | EXECUTE->service_role","ALL<-PUBLIC | EXECUTE<-anon",""
"function","ensure_user_profile","3","20260729110000_harden_definer_guards_and_drop_permissive_policies.sql","","","0","SECURITY DEFINER","public","","EXECUTE->authenticated | EXECUTE->service_role","ALL<-PUBLIC | EXECUTE<-anon",""
"function","get_my_activity_summary","1","20260729090100_lock_down_materialized_views.sql","","","0","SECURITY DEFINER","public","","EXECUTE->authenticated","ALL<-PUBLIC | EXECUTE<-anon",""
"function","get_my_audit_logs","1","20260214001000_align_code_db_objects.sql","","","0","SECURITY DEFINER","public","","EXECUTE->authenticated | EXECUTE->service_role","",""
"function","get_my_deadline_analytics","1","20260729090100_lock_down_materialized_views.sql","","","0","SECURITY DEFINER","public","","EXECUTE->authenticated","ALL<-PUBLIC | EXECUTE<-anon",""
"function","get_my_profile","6","20260730160000_fix_student_id_function_residue.sql","","","0","SECURITY DEFINER","'public'","","EXECUTE->authenticated | EXECUTE->authenticated, service_role","ALL<-PUBLIC | ALL<-anon",""
"function","get_xp_leaderboard","1","20260729090100_lock_down_materialized_views.sql","","","0","SECURITY DEFINER","public","","EXECUTE->authenticated","ALL<-PUBLIC | EXECUTE<-anon",""
"function","handle_new_user","3","20260314_auto_create_profile_trigger.sql","","","0","SECURITY DEFINER","''","","","",""
"function","handle_new_user_gamification","1","20260109012944_fix_auth_trigger_for_new_users.sql","","","0","SECURITY DEFINER","","","","","SECURITY DEFINER without pinned search_path in this definition"
"function","handle_new_user_profile","1","20260108140000_add_event_date_columns.sql","","","0","SECURITY DEFINER","","","","","SECURITY DEFINER without pinned search_path in this definition"
"function","handle_new_user_safe","2","20260114011650_fix_schema_comprehensive.sql","","","0","SECURITY DEFINER","public","","EXECUTE->service_role","",""
"function","log_audit","3","20260729120000_harden_remaining_definer_guards.sql","","","0","SECURITY DEFINER","public","","EXECUTE->authenticated | EXECUTE->service_role","EXECUTE<-anon | EXECUTE<-PUBLIC",""
"function","lookup_user_by_email","1","20260208000000_security_audit_fixes.sql","","","0","SECURITY DEFINER","''","","EXECUTE->service_role","ALL<-PUBLIC | ALL<-anon | ALL<-authenticated",""
"function","on_deadline_completed","3","20260114014506_schema_cleanup_and_normalization.sql","","","0","SECURITY DEFINER","public","","","",""
"function","on_unit_created","2","20260114011650_fix_schema_comprehensive.sql","","","0","SECURITY DEFINER","public","","","",""
"function","prevent_schedule_member_reassignment","1","20260729090300_fix_gamification_and_schedule_tampering.sql","","","0","SECURITY DEFINER","public","","","",""
"function","protect_profile_fields","3","20260304200000_fix_profile_protection_trigger.sql","","","0","SECURITY DEFINER","","","","","SECURITY DEFINER without pinned search_path in this definition"
"function","purge_deleted_records","1","20260114013519_add_soft_deletes_constraints_seeds.sql","","","0","SECURITY DEFINER","","","EXECUTE->service_role","EXECUTE<-PUBLIC","SECURITY DEFINER without pinned search_path in this definition"
"function","ratelimit_get","1","20260217093000_rate_limits.sql","","","0","SECURITY DEFINER","public","","execute->service_role","all<-public",""
"function","ratelimit_increment","1","20260217093000_rate_limits.sql","","","0","SECURITY DEFINER","public","","execute->service_role","all<-public",""
"function","ratelimit_set","1","20260217093000_rate_limits.sql","","","0","SECURITY DEFINER","public","","execute->service_role","all<-public",""
"function","refresh_analytics_views","1","20260114013519_add_soft_deletes_constraints_seeds.sql","","","0","SECURITY DEFINER","","","EXECUTE->service_role","EXECUTE<-PUBLIC","SECURITY DEFINER without pinned search_path in this definition"
"function","restore_deleted","2","20260216090000_harden_security_functions.sql","","","0","SECURITY DEFINER","public","","EXECUTE->authenticated","EXECUTE<-PUBLIC",""
"function","seed_demo_class_times","2","20260216090000_harden_security_functions.sql","","","0","SECURITY DEFINER","public","","EXECUTE->service_role","EXECUTE<-PUBLIC | EXECUTE<-authenticated",""
"function","seed_demo_data_for_user","2","20260216090000_harden_security_functions.sql","","","0","SECURITY DEFINER","public","","EXECUTE->authenticated","EXECUTE<-PUBLIC",""
"function","seed_demo_deadlines","2","20260216090000_harden_security_functions.sql","","","0","SECURITY DEFINER","public","","EXECUTE->service_role","EXECUTE<-PUBLIC | EXECUTE<-authenticated",""
"function","seed_demo_events","1","20260114013519_add_soft_deletes_constraints_seeds.sql","","","0","SECURITY DEFINER","","","EXECUTE->service_role","EXECUTE<-PUBLIC | EXECUTE<-authenticated","SECURITY DEFINER without pinned search_path in this definition"
"function","seed_demo_notifications","2","20260216090000_harden_security_functions.sql","","","0","SECURITY DEFINER","public","","EXECUTE->service_role","EXECUTE<-PUBLIC | EXECUTE<-authenticated",""
"function","seed_demo_units","2","20260216090000_harden_security_functions.sql","","","0","SECURITY DEFINER","public","","EXECUTE->service_role","EXECUTE<-PUBLIC | EXECUTE<-authenticated",""
"function","seed_new_user_data","1","20260108140000_add_event_date_columns.sql","","","0","","","","","",""
"function","soft_delete","1","20260114013519_add_soft_deletes_constraints_seeds.sql","","","0","SECURITY DEFINER","","","","","SECURITY DEFINER without pinned search_path in this definition"
"function","sync_event_timestamps","1","20260114014506_schema_cleanup_and_normalization.sql","","","0","","","","","",""
"function","update_streak","4","20260729120000_harden_remaining_definer_guards.sql","","","0","SECURITY DEFINER","public","","EXECUTE->authenticated | EXECUTE->service_role","ALL<-PUBLIC | EXECUTE<-anon",""
"function","update_updated_at_column","3","20260114013136_complete_schema_audit_fix.sql","","","0","","","","","",""
"function","upsert_unit_with_schedule","1","20260122000000_atomic_unit_sync.sql","","","0","SECURITY DEFINER","public -- Security best practice","","EXECUTE->authenticated","",""
"function","validate_deadline_due_date","1","20260114013519_add_soft_deletes_constraints_seeds.sql","","","0","","","","","",""
"function","xp_for_level","3","20260124000000_complete_schema_initialization.sql","","","0","SECURITY DEFINER","public","","EXECUTE->authenticated","",""
"matview","mv_deadline_analytics","3","20260124000000_complete_schema_initialization.sql","","","0","","","","SELECT->authenticated | SELECT->service_role","ALL<-anon, authenticated","materialized view cannot carry RLS (BA-0023 class)"
"matview","mv_user_activity_summary","3","20260124000000_complete_schema_initialization.sql","","","0","","","","SELECT->authenticated | SELECT->service_role","ALL<-anon, authenticated","materialized view cannot carry RLS (BA-0023 class)"
"matview","mv_xp_leaderboard","3","20260124000000_complete_schema_initialization.sql","","","0","","","","SELECT->authenticated | SELECT->service_role","ALL<-anon, authenticated","materialized view cannot carry RLS (BA-0023 class)"
"table","app_config","2","20260214003000_restore_missing_core_security_tables.sql","enabled","","2","","","","","",""
"table","audit_logs","2","20260214003000_restore_missing_core_security_tables.sql","enabled","","6","","","","SELECT->authenticated","",""
"table","audit_settings","1","20260129000000_add_audit_logging.sql","","","0","","","","","","NO explicit ENABLE RLS in migrations - verify live"
"table","auth_audit_logs","2","20260214003000_restore_missing_core_security_tables.sql","enabled","","2","","","","","",""
"table","backup_codes","2","20260214003000_restore_missing_core_security_tables.sql","enabled","","10","","","","","",""
"table","class_times","3","20260124000000_complete_schema_initialization.sql","enabled","","20","","","","SELECT, INSERT, UPDATE, DELETE->authenticated","ALL<-anon",""
"table","deadlines","3","20260124000000_complete_schema_initialization.sql","enabled","","26","","","","SELECT, INSERT, UPDATE, DELETE->authenticated","ALL<-anon",""
"table","edge_response_cache","0","","","","4","","","","","","NO explicit ENABLE RLS in migrations - verify live"
"table","email_verifications","1","20260213000000_email_verifications.sql","enabled","","0","","","","","","RLS enabled but no policy created here"
"table","events","3","20260124000000_complete_schema_initialization.sql","enabled","","31","","","","SELECT, INSERT, UPDATE, DELETE->authenticated | SELECT->anon","ALL<-anon",""
"table","gamification_profiles","3","20260124000000_complete_schema_initialization.sql","enabled","","10","","","","SELECT, INSERT, UPDATE->authenticated | INSERT->postgres | INSERT, SELECT, UPDATE, DELETE->service_role | ALL->postgres | ALL->service_role","ALL<-anon | INSERT, UPDATE<-authenticated",""
"table","notifications","3","20260124000000_complete_schema_initialization.sql","enabled","","26","","","","SELECT, INSERT, UPDATE, DELETE->authenticated","ALL<-anon",""
"table","password_resets","1","20260216193000_password_resets.sql","enabled","","0","","","","","","RLS enabled but no policy created here"
"table","profiles","3","20260124000000_complete_schema_initialization.sql","enabled","","18","","","","SELECT, UPDATE->authenticated | SELECT, INSERT, UPDATE->authenticated | INSERT->postgres | INSERT, SELECT, UPDATE, DELETE->service_role | ALL->postgres | ALL->service_role","ALL<-anon",""
"table","public_events","1","20260203000002_public_events.sql","enabled","","1","","","","","",""
"table","push_reminder_deliveries","1","20260313093000_add_web_push_infrastructure.sql","enabled","","1","","","","SELECT->authenticated","ALL<-anon | ALL<-authenticated",""
"table","push_subscriptions","1","20260313093000_add_web_push_infrastructure.sql","enabled","","4","","","","SELECT, INSERT, UPDATE, DELETE->authenticated","ALL<-anon | ALL<-authenticated",""
"table","rate_limits","1","20260217093000_rate_limits.sql","enabled","","0","","","","","all<-public","RLS enabled but no policy created here"
"table","schedule_members","1","20260220100000_realtime_offline.sql","enabled","","6","","","","","",""
"table","schedules","1","20260220100000_realtime_offline.sql","enabled","","5","","","","","",""
"table","storage","0","","","","5","","","","","","NO explicit ENABLE RLS in migrations - verify live"
"table","todos","1","20260124001000_create_todos_table.sql","enabled","","4","","","","SELECT, INSERT, UPDATE, DELETE->authenticated","ALL<-anon | ALL<-public",""
"table","units","3","20260124000000_complete_schema_initialization.sql","enabled","","23","","","","SELECT, INSERT, UPDATE, DELETE->authenticated","ALL<-anon",""
"table","user_preferences","3","20260124000000_complete_schema_initialization.sql","enabled","","19","","","","SELECT, INSERT, UPDATE->authenticated","ALL<-anon",""
"table","user_sessions","1","20260214001000_align_code_db_objects.sql","enabled","","4","","","","SELECT, INSERT, UPDATE, DELETE->authenticated","ALL<-anon",""
"table","webauthn_challenges","2","20260214003000_restore_missing_core_security_tables.sql","enabled","","8","","","","","",""
"table","webauthn_credentials","2","20260214003000_restore_missing_core_security_tables.sql","enabled","","10","","","","","",""
"table","xp_config","3","20260124000000_complete_schema_initialization.sql","enabled","","1","","","","SELECT->authenticated","ALL<-anon",""
"table","xp_events","3","20260124000000_complete_schema_initialization.sql","enabled","","4","","","","SELECT, INSERT->authenticated","ALL<-anon",""
"view","recent_audit_activity","1","20260129000000_add_audit_logging.sql","","","0","","","","SELECT->authenticated","","view without security_invoker (BA-0021/BA-0024 class)"
"view","security_audit_events","1","20260129000000_add_audit_logging.sql","","","0","","","","SELECT->authenticated","","view without security_invoker (BA-0021/BA-0024 class)"
"view","that","1","20260113000000_reenable_auth_trigger_with_user_view.sql","","","0","","","","","","view without security_invoker (BA-0021/BA-0024 class)"
"view","to","1","20260729080000_restore_view_security_invoker.sql","","","0","","","yes","","",""
"view","user_details","8","20260730140000_drop_student_id.sql","","","0","","","yes","SELECT->authenticated","ALL<-anon",""
