file,category,runtime,entry_point,external_io,env_vars,auth_context,privileged_client,cache,timeout,error_handling,tested,status,notes
"app/AuthRedirectHandler.tsx","other","client","","supabase","","","","","yes","","","reviewed",""
"app/about/about-client.tsx","other","client","","","","","","","","","","reviewed",""
"app/about/page.tsx","page","server(RSC)","yes","","","","","","","","","reviewed",""
"app/api/_lib/mappers.ts","other","shared","","","","","","","","","","reviewed",""
"app/api/_lib/middleware.ts","other","shared","","supabase","CORS_ALLOWED_ORIGINS","requireAuthWithRateLimit","","","","try/catch","","reviewed",""
"app/api/_lib/response.ts","other","shared","","","","","","","","try/catch","","reviewed",""
"app/api/_lib/versioning.ts","other","shared","","","","","","","","","","reviewed",""
"app/api/admin/update-building-positions/route.ts","api-route","worker/server","yes","","NODE_ENV ADMIN_API_ENABLED ADMIN_SECRET_TOKEN","requireAuth","","","","try/catch","","reviewed-route-matrix",""
"app/api/audit/route.ts","api-route","worker/server","yes","supabase","","requireAuthWithRateLimit","","","","try/catch","","reviewed-route-matrix",""
"app/api/auth/biometric/route.ts","api-route","worker/server","yes","supabase","","inline getUser()","","","","try/catch","","reviewed-route-matrix",""
"app/api/auth/email/cleanup/route.ts","api-route","worker/server","yes","supabase","CRON_SECRET","cron-secret","service-role","","","try/catch","","reviewed-route-matrix",""
"app/api/auth/email/resend-verification/route.ts","api-route","worker/server","yes","supabase resend","","","service-role","","","try/catch","","reviewed-route-matrix",""
"app/api/auth/email/send-verification/route.ts","api-route","worker/server","yes","supabase resend","NEXT_PUBLIC_APP_URL","inline getUser()","","","","try/catch","","reviewed-route-matrix",""
"app/api/auth/email/verify/route.ts","api-route","worker/server","yes","supabase","","","service-role","","","try/catch","","reviewed-route-matrix",""
"app/api/auth/mfa/challenge-verify/route.ts","api-route","worker/server","yes","supabase","","inline getUser()","","","","try/catch","","reviewed-route-matrix",""
"app/api/auth/mfa/challenge/route.ts","api-route","worker/server","yes","supabase resend","","inline getUser()","","","","try/catch","","reviewed-route-matrix",""
"app/api/auth/mfa/enroll/route.ts","api-route","worker/server","yes","supabase","","inline getUser()","","","","try/catch","","reviewed-route-matrix",""
"app/api/auth/mfa/sms/enroll/route.ts","api-route","worker/server","yes","supabase","","inline getUser()","","","","try/catch","","reviewed-route-matrix",""
"app/api/auth/mfa/sms/verify/route.ts","api-route","worker/server","yes","supabase","","inline getUser()","","","","try/catch","","reviewed-route-matrix",""
"app/api/auth/mfa/status/route.ts","api-route","worker/server","yes","supabase","","inline getUser()","","","","try/catch","","reviewed-route-matrix",""
"app/api/auth/mfa/unenroll/route.ts","api-route","worker/server","yes","supabase","","inline getUser()","","","","try/catch","","reviewed-route-matrix",""
"app/api/auth/mfa/verify/route.ts","api-route","worker/server","yes","supabase","","inline getUser()","","","","try/catch","","reviewed-route-matrix",""
"app/api/auth/onboarding/route.ts","api-route","worker/server","yes","supabase","","inline getUser()","","","","","","reviewed-route-matrix",""
"app/api/auth/passkey/_lib.ts","other","shared","","","NODE_ENV WEBAUTHN_RP_ID WEBAUTHN_ORIGIN","","","","","","","reviewed",""
"app/api/auth/passkey/options/route.ts","api-route","worker/server","yes","supabase","","","service-role","","","try/catch","","reviewed-route-matrix",""
"app/api/auth/passkey/register-options/route.ts","api-route","worker/server","yes","supabase","","inline getUser()","","","","try/catch","","reviewed-route-matrix",""
"app/api/auth/passkey/register/route.ts","api-route","worker/server","yes","supabase","","inline getUser()","","","","try/catch","","reviewed-route-matrix",""
"app/api/auth/passkey/status/route.ts","api-route","worker/server","yes","supabase","","","service-role","","","try/catch","","reviewed-route-matrix",""
"app/api/auth/passkey/verify/route.ts","api-route","worker/server","yes","supabase","","","service-role","","","try/catch","","reviewed-route-matrix",""
"app/api/auth/password/cleanup/route.ts","api-route","worker/server","yes","supabase","CRON_SECRET","cron-secret","service-role","","","try/catch","","reviewed-route-matrix",""
"app/api/auth/password/request-reset/route.ts","api-route","worker/server","yes","supabase","NEXT_PUBLIC_APP_URL","","","","","try/catch","","reviewed-route-matrix",""
"app/api/auth/password/reset/route.ts","api-route","worker/server","yes","supabase","","","service-role","","","try/catch","","reviewed-route-matrix",""
"app/api/auth/password/route.ts","api-route","worker/server","yes","supabase","","inline getUser()","","","","try/catch","","reviewed-route-matrix",""
"app/api/auth/sessions/route.ts","api-route","worker/server","yes","supabase","","inline getUser()","","","","try/catch","","reviewed-route-matrix",""
"app/api/auth/signin/route.ts","api-route","worker/server","yes","supabase","DEV_BYPASS_EMAILS NODE_ENV","","service-role","","","try/catch","","reviewed-route-matrix",""
"app/api/auth/signout/route.ts","api-route","worker/server","yes","supabase","","","","","","try/catch","","reviewed-route-matrix",""
"app/api/auth/signup/route.ts","api-route","worker/server","yes","supabase resend","DEV_BYPASS_EMAILS NODE_ENV","","service-role","","","try/catch","","reviewed-route-matrix",""
"app/api/auth/user/route.ts","api-route","worker/server","yes","supabase","","inline getUser()","","","","try/catch","","reviewed-route-matrix",""
"app/api/cron/push-reminders/route.ts","api-route","worker/server","yes","supabase web-push","PUSH_REMINDER_LOOKAHEAD_MINUTES PUSH_REMINDER_MAX_USERS_PER_RUN CRON_SECRET","cron-secret","service-role","","","","","reviewed-route-matrix",""
"app/api/csp-report/route.ts","api-route","worker/server","yes","","CSP_REPORT_WEBHOOK","","","","","try/catch","","reviewed-route-matrix",""
"app/api/deadlines/[id]/route.ts","api-route","worker/server","yes","supabase","","requireAuthWithRateLimit","","","","try/catch","","reviewed-route-matrix",""
"app/api/deadlines/route.ts","api-route","worker/server","yes","supabase","","requireAuthWithRateLimit","","","","try/catch","","reviewed-route-matrix",""
"app/api/events/[id]/route.ts","api-route","worker/server","yes","supabase","","requireAuthWithRateLimit","","","","try/catch","","reviewed-route-matrix",""
"app/api/events/route.ts","api-route","worker/server","yes","supabase","NODE_ENV","requireAuthWithRateLimit","","","","try/catch","","reviewed-route-matrix",""
"app/api/gamification/award-xp/route.ts","api-route","worker/server","yes","supabase","","requireAuth","","","","","","reviewed-route-matrix",""
"app/api/gamification/route.ts","api-route","worker/server","yes","supabase","","requireAuth","","","","","","reviewed-route-matrix",""
"app/api/health/route.ts","api-route","worker/server","yes","supabase","NODE_ENV","","service-role","","","try/catch","","reviewed-route-matrix",""
"app/api/maps/dev-pin/route.ts","api-route","worker/server","yes","","NODE_ENV","","","","","try/catch","","reviewed-route-matrix",""
"app/api/maps/place-details/route.ts","api-route","worker/server","yes","google","GOOGLE_ROUTES_API_KEY","","","","yes","try/catch","","reviewed-route-matrix",""
"app/api/maps/place-search/route.ts","api-route","worker/server","yes","google","GOOGLE_ROUTES_API_KEY","","","","yes","try/catch","","reviewed-route-matrix",""
"app/api/maps/routes/route.ts","api-route","worker/server","yes","google","GOOGLE_ROUTES_API_KEY","","","","yes","try/catch","","reviewed-route-matrix",""
"app/api/navigate/route.ts","api-route","worker/server","yes","","ORS_API_KEY ORS_BASE_URL NODE_ENV GEOFENCE_BUFFER_KM","requireAuth","","","yes","try/catch","","reviewed-route-matrix",""
"app/api/notifications/[id]/route.ts","api-route","worker/server","yes","supabase","","requireAuthWithRateLimit","","","","try/catch","","reviewed-route-matrix",""
"app/api/notifications/mark-all-read/route.ts","api-route","worker/server","yes","supabase","","requireAuthWithRateLimit","","","","try/catch","","reviewed-route-matrix",""
"app/api/notifications/route.ts","api-route","worker/server","yes","supabase","","requireAuthWithRateLimit","","","","try/catch","","reviewed-route-matrix",""
"app/api/profiles/route.ts","api-route","worker/server","yes","supabase","","requireAuthWithRateLimit","","","","try/catch","","reviewed-route-matrix",""
"app/api/push/subscription/route.ts","api-route","worker/server","yes","supabase","","requireAuthWithRateLimit","service-role","","","try/catch","","reviewed-route-matrix",""
"app/api/security/check-password-breach/route.ts","api-route","worker/server","yes","","","requireAuth","","","","try/catch","","reviewed-route-matrix",""
"app/api/security/rate-limit/cleanup/route.ts","api-route","worker/server","yes","supabase","CRON_SECRET","cron-secret","service-role","","","try/catch","","reviewed-route-matrix",""
"app/api/security/scan-headers/route.ts","api-route","worker/server","yes","supabase","","inline getUser()","","","","try/catch","","reviewed-route-matrix",""
"app/api/sync/route.ts","api-route","worker/server","yes","supabase","","inline getUser()","","","","try/catch","","reviewed-route-matrix",""
"app/api/todos/[id]/route.ts","api-route","worker/server","yes","supabase","","requireAuthWithRateLimit","","","","try/catch","","reviewed-route-matrix",""
"app/api/todos/route.ts","api-route","worker/server","yes","supabase","","requireAuthWithRateLimit","","","","try/catch","","reviewed-route-matrix",""
"app/api/types.ts","other","shared","","","","","","","","try/catch","","reviewed",""
"app/api/units/[id]/route.ts","api-route","worker/server","yes","supabase","","requireAuthWithRateLimit","","","","try/catch","","reviewed-route-matrix",""
"app/api/units/route.ts","api-route","worker/server","yes","supabase","","requireAuthWithRateLimit","","","","try/catch","","reviewed-route-matrix",""
"app/api/units/sync/route.ts","api-route","worker/server","yes","supabase","","requireAuthWithRateLimit","","","","try/catch","","reviewed-route-matrix",""
"app/api/user-preferences/route.ts","api-route","worker/server","yes","supabase","","requireAuthWithRateLimit","","","","try/catch","","reviewed-route-matrix",""
"app/api/weather/route.ts","api-route","worker/server","yes","weather","GOOGLE_WEATHER_API_KEY","","","","","try/catch","","reviewed-route-matrix",""
"app/api/webauthn/authenticate/options/route.ts","api-route","worker/server","yes","supabase","","","service-role","","","try/catch","","reviewed-route-matrix",""
"app/api/webauthn/authenticate/verify/route.ts","api-route","worker/server","yes","supabase","","","service-role","","","try/catch","","reviewed-route-matrix",""
"app/api/webauthn/credentials/route.ts","api-route","worker/server","yes","supabase","","inline getUser()","","","","try/catch","","reviewed-route-matrix",""
"app/api/webauthn/register/options/route.ts","api-route","worker/server","yes","supabase","","inline getUser()","","","","try/catch","","reviewed-route-matrix",""
"app/api/webauthn/register/verify/route.ts","api-route","worker/server","yes","supabase","","inline getUser()","","","","try/catch","","reviewed-route-matrix",""
"app/auth/callback/recovery/route.ts","route-handler","worker/server","yes","supabase","","","","","","","","reviewed",""
"app/auth/callback/route.ts","route-handler","worker/server","yes","supabase","","","","","","try/catch","","reviewed",""
"app/auth/confirm/route.ts","route-handler","worker/server","yes","supabase","","","","","","","","reviewed",""
"app/calendar/CalendarClient.tsx","other","client","","","","","","","","try/catch","","reviewed",""
"app/calendar/error.tsx","other","client","","","","","","","","","","reviewed",""
"app/calendar/page.tsx","page","server(RSC)","yes","","","","","","","","","reviewed",""
"app/client-layout.tsx","layout","client","","supabase","","","","","yes","try/catch","","reviewed",""
"app/contact/contact-client.tsx","other","client","","","","","","","","","","reviewed",""
"app/contact/page.tsx","page","server(RSC)","yes","","","","","","","","","reviewed",""
"app/error.tsx","other","client","","","","","","","","","","reviewed",""
"app/feed/FeedClient.tsx","other","client","","","","","","","","","","reviewed",""
"app/feed/error.tsx","other","client","","","","","","","","","","reviewed",""
"app/feed/page.tsx","page","server(RSC)","yes","","","","","","","","","reviewed",""
"app/global-error.tsx","other","client","","sentry","","","","","","","","reviewed",""
"app/home/HomeClient.tsx","other","client","","","","","","","","","","reviewed",""
"app/home/loading.tsx","other","shared","","","","","","","","","","reviewed",""
"app/home/page.tsx","page","server(RSC)","yes","supabase","","inline getUser()","","","","try/catch","","reviewed",""
"app/layout.tsx","layout","shared","","","","","","","","","","reviewed",""
"app/loading.tsx","other","shared","","","","","","","","","","reviewed",""
"app/login/LoginClient.tsx","other","client","","supabase resend","","","","","yes","try/catch","","reviewed",""
"app/login/__tests__/actions.test.ts","other","shared","","supabase","","","","","","","","reviewed",""
"app/login/actions.ts","other","shared","","supabase resend","","","service-role","","","try/catch","","reviewed",""
"app/login/components/MFAChallenge.tsx","other","client","","supabase resend","","","","","yes","try/catch","","reviewed",""
"app/login/hooks/usePasskeyLogin.ts","other","shared","","","","","","","","try/catch","","reviewed",""
"app/login/page.tsx","page","server(RSC)","yes","","","","","","","","","reviewed",""
"app/login/schemas/loginSchema.ts","other","shared","","","","","","","","","","reviewed",""
"app/manage-profiles/__tests__/actions.test.ts","other","shared","","","","","","","","","","reviewed",""
"app/manage-profiles/actions.ts","other","shared","","","","","","","","try/catch","","reviewed",""
"app/manage-profiles/components/AcademicInfoCard.tsx","other","client","","","","","","","","","","reviewed",""
"app/manage-profiles/components/PersonalInfoCard.tsx","other","client","","","","","","","","","","reviewed",""
"app/manage-profiles/components/ProfileHeader.tsx","other","client","","","","","","","","try/catch","","reviewed",""
"app/manage-profiles/components/ProfileSkeleton.tsx","other","client","","","","","","","","","","reviewed",""
"app/manage-profiles/components/SecurityCard.tsx","other","client","","","","","","","","","","reviewed",""
"app/manage-profiles/error.tsx","other","client","","sentry","","","","","","","","reviewed",""
"app/manage-profiles/hooks/useProfileManager.ts","other","shared","","","","","","","","try/catch","","reviewed",""
"app/manage-profiles/layout.tsx","layout","shared","","","","","","","","","","reviewed",""
"app/manage-profiles/page.tsx","page","client","yes","","","","","","","","","reviewed",""
"app/manage-profiles/schema.ts","other","shared","","","","","","","","","","reviewed",""
"app/map/error.tsx","other","client","","","","","","","","","","reviewed",""
"app/map/page.tsx","page","server(RSC)","yes","","","","","","","","","reviewed",""
"app/map/position-editor/page.tsx","page","client","yes","","","","","","","","","reviewed",""
"app/not-found.tsx","other","client","","","","","","","","","","reviewed",""
"app/offline/page.tsx","page","client","yes","","","","","","","","","reviewed",""
"app/onboarding/OnboardingClient.tsx","other","client","","","","","","","","try/catch","","reviewed",""
"app/onboarding/page.tsx","page","server(RSC)","yes","","","","","","","","","reviewed",""
"app/page.tsx","page","server(RSC)","yes","","","","","","","","","reviewed",""
"app/privacy/page.tsx","page","server(RSC)","yes","","","","","","","","","reviewed",""
"app/privacy/privacy-client.tsx","other","client","","","","","","","","","","reviewed",""
"app/reset-password/page.tsx","page","server(RSC)","yes","","","","","","","","","reviewed",""
"app/reset-password/reset-password-client.tsx","other","client","","supabase","","","","","yes","try/catch","","reviewed",""
"app/robots.ts","other","shared","","supabase","","","","","","","","reviewed",""
"app/settings/about/AboutSettingsContent.tsx","other","client","","","","","","","","","","reviewed",""
"app/settings/about/page.tsx","page","server(RSC)","yes","","","","","","","","","reviewed",""
"app/settings/appearance/AppearanceSettingsContent.tsx","other","client","","","","","","","","","","reviewed",""
"app/settings/appearance/page.tsx","page","server(RSC)","yes","","","","","","","","","reviewed",""
"app/settings/experience/ExperienceSettingsContent.tsx","other","client","","","","","","","","","","reviewed",""
"app/settings/experience/page.tsx","page","server(RSC)","yes","","","","","","","","","reviewed",""
"app/settings/general/GeneralSettingsContent.tsx","other","client","","","","","","","","","","reviewed",""
"app/settings/general/page.tsx","page","server(RSC)","yes","","","","","","","","","reviewed",""
"app/settings/layout.tsx","layout","client","","","","","","","","","","reviewed",""
"app/settings/loading.tsx","other","shared","","","","","","","","","","reviewed",""
"app/settings/page.tsx","page","server(RSC)","yes","","","","","","","","","reviewed",""
"app/settings/security/PrivacySettingsPage.tsx","other","client","","","","","","","","","","reviewed",""
"app/settings/security/page.tsx","page","server(RSC)","yes","","","","","","","","","reviewed",""
"app/signup/SignupClient.tsx","other","client","","supabase","","","","","yes","try/catch","","reviewed",""
"app/signup/components/CourseCombobox.tsx","other","client","","","","","","","yes","","","reviewed",""
"app/signup/components/FacultySelect.tsx","other","client","","","","","","","","","","reviewed",""
"app/signup/page.tsx","page","server(RSC)","yes","","","","","","","","","reviewed",""
"app/sitemap.ts","other","shared","","","","","","","","","","reviewed",""
"app/template.tsx","other","shared","","","","","","","","","","reviewed",""
"app/terms/page.tsx","page","server(RSC)","yes","","","","","","","","","reviewed",""
"app/terms/terms-client.tsx","other","client","","","","","","","","","","reviewed",""
"app/verify/page.tsx","page","client","yes","resend","","","","","","try/catch","","reviewed",""
"components/ErrorBoundary.tsx","component","client","","sentry","NODE_ENV","","","","yes","try/catch","","reviewed",""
"components/ProfileCard.tsx","component","client","","","","","","","","","","reviewed",""
"components/assignments/AssignmentDetailPanel.tsx","component","client","","","","","","","","","","reviewed",""
"components/assignments/AssignmentForm.tsx","component","client","","","","","","","","try/catch","","reviewed",""
"components/deadlines/DeadlineForm.tsx","component","client","","","","","","","","try/catch","","reviewed",""
"components/events/EventDetailPanel.tsx","component","client","","","","","","","","","","reviewed",""
"components/events/EventForm.tsx","component","client","","","","","","","","try/catch","","reviewed",""
"components/events/EventFormSkeleton.tsx","component","client","","","","","","","","","","reviewed",""
"components/exams/ExamDetailPanel.tsx","component","client","","","","","","","","","","reviewed",""
"components/exams/ExamForm.tsx","component","client","","","","","","","","try/catch","","reviewed",""
"components/layout/AppFooter.tsx","component","client","","","","","","","","","","reviewed",""
"components/layout/Clock.tsx","component","client","","","","","","","","","","reviewed",""
"components/layout/Header.tsx","component","client","","supabase weather","","inline getUser()","","","","try/catch","","reviewed",""
"components/layout/HeaderLanguageSelector.tsx","component","client","","","","","","","","","","reviewed",""
"components/layout/Sidebar.tsx","component","client","","","","","","","","","","reviewed",""
"components/layout/SocialButtons.tsx","component","client","","","","","","","","","","reviewed",""
"components/layout/StandaloneLanguageSelector.tsx","component","client","","","","","","","","","","reviewed",""
"components/layout/WeatherWidget.tsx","component","client","","weather","","","","","","","","reviewed",""
"components/layout/weather/constants.ts","component","shared","","weather","","","","","","","","reviewed",""
"components/layout/weather/types.ts","component","shared","","weather","","","","","","","","reviewed",""
"components/layout/weather/useWeather.ts","component","shared","","weather","","","","","yes","try/catch","","reviewed",""
"components/providers/QueryProvider.tsx","component","client","","","","","","","","","","reviewed",""
"components/security/PasswordStrengthIndicator.tsx","component","client","","","","","","","yes","try/catch","","reviewed",""
"components/sync/SyncConflictDialog.tsx","component","client","","","","","","","","","","reviewed",""
"components/theme/ThemeProvider.tsx","component","client","","","","","","","","","","reviewed",""
"components/ui/BuildingAutocomplete.tsx","component","client","","","","","","","","","","reviewed",""
"components/ui/EmptyState.tsx","component","client","","","","","","","","","","reviewed",""
"components/ui/KeyboardShortcuts.tsx","component","client","","","","","","","","","","reviewed",""
"components/ui/LiquidFilter.tsx","component","client","","","","","","","","","","reviewed",""
"components/ui/LiquidGlassCard.tsx","component","client","","","","","","","","","","reviewed",""
"components/ui/LiquidRefractionMap.tsx","component","client","","","","","","","","","","reviewed",""
"components/ui/LoadingPlaceholder.tsx","component","client","","","","","","","","","","reviewed",""
"components/ui/MagicCard.tsx","component","client","","","","","","","","","","reviewed",""
"components/ui/MeshGradient.tsx","component","client","","","","","","","","","","reviewed",""
"components/ui/MovingMeshBackground.tsx","component","client","","","","","","","","","","reviewed",""
"components/ui/NavigationPreferenceDialog.tsx","component","client","","","","","","","","","","reviewed",""
"components/ui/OfflineIndicator.tsx","component","client","","","","","","","yes","","","reviewed",""
"components/ui/ReminderModal.tsx","component","client","","","","","","","","try/catch","","reviewed",""
"components/ui/ScrollReveal.tsx","component","client","","","","","","","","","","reviewed",""
"components/ui/SkipLink.tsx","component","client","","","","","","","","","","reviewed",""
"components/ui/UnitAutocomplete.tsx","component","client","","","","","","","","","","reviewed",""
"components/ui/badge.tsx","component","shared","","","","","","","","","","reviewed",""
"components/ui/button.tsx","component","shared","","","","","","","","","","reviewed",""
"components/ui/card.tsx","component","shared","","","","","","","","","","reviewed",""
"components/ui/custom/PasswordInput.tsx","component","shared","","","","","","","","","","reviewed",""
"components/ui/custom/StrengthMeter.tsx","component","shared","","","","","","","","","","reviewed",""
"components/ui/dialog.tsx","component","client","","","","","","","","","","reviewed",""
"components/ui/dropdown-menu.tsx","component","client","","","","","","","","","","reviewed",""
"components/ui/icons.tsx","component","shared","","","","","","","","","","reviewed",""
"components/ui/input.tsx","component","shared","","","","","","","","","","reviewed",""
"components/ui/label.tsx","component","shared","","","","","","","","","","reviewed",""
"components/ui/mq/alert.tsx","component","shared","","","","","","","","","","reviewed",""
"components/ui/mq/animations.tsx","component","shared","","","","","","","","","","reviewed",""
"components/ui/mq/badge.tsx","component","shared","","","","","","","","","","reviewed",""
"components/ui/mq/button.tsx","component","shared","","","","","","","","","","reviewed",""
"components/ui/mq/card.tsx","component","shared","","","","","","","","","","reviewed",""
"components/ui/mq/hero.tsx","component","shared","","","","","","","","","","reviewed",""
"components/ui/mq/index.ts","component","shared","","","","","","","","","","reviewed",""
"components/ui/mq/input.tsx","component","shared","","","","","","","","","","reviewed",""
"components/ui/mq/link.tsx","component","shared","","","","","","","","","","reviewed",""
"components/ui/mq/navbar.tsx","component","client","","","","","","","","","","reviewed",""
"components/ui/mq/section-heading.tsx","component","shared","","","","","","","","","","reviewed",""
"components/ui/mq/switch.tsx","component","client","","","","","","","","","","reviewed",""
"components/ui/select.tsx","component","client","","","","","","","","","","reviewed",""
"components/ui/skeleton.tsx","component","client","","","","","","","","","","reviewed",""
"components/ui/toast.tsx","component","shared","","","","","","","","","","reviewed",""
"components/ui/toaster.tsx","component","client","","","","","","","","","","reviewed",""
"components/units/UnitCard.tsx","component","client","","","","","","","","","","reviewed",""
"components/units/UnitDetailPanel.tsx","component","client","","","","","","","","","","reviewed",""
"components/units/UnitForm.tsx","component","client","","","","","","","","","","reviewed",""
"config/eslint/eslint.config.mjs","config","build-time","","","","","","","","","","reviewed",""
"config/next/next.config.ts","config","build-time","","supabase sentry","ANALYZE NODE_ENV NEXT_PUBLIC_SENTRY_DSN SENTRY_ORG SENTRY_PROJECT CI SENTRY_AUTH_TOKEN","","","","","","","reviewed",""
"config/postcss/postcss.config.mjs","config","build-time","","","","","","","","","","reviewed",""
"config/sentry/sentry.client.config.ts","config","build-time","","resend sentry","NEXT_PUBLIC_SENTRY_DSN NODE_ENV NEXT_PUBLIC_SENTRY_ENABLED NEXT_PUBLIC_DEPLOYMENT_ENV NEXT_PUBLIC_VERCEL_ENV","","","","","","","reviewed",""
"config/sentry/sentry.edge.config.ts","config","build-time","","sentry","NEXT_PUBLIC_SENTRY_DSN SENTRY_ENABLED","","","","","","","reviewed",""
"config/sentry/sentry.server.config.ts","config","build-time","","resend sentry","NEXT_PUBLIC_SENTRY_DSN SENTRY_ENABLED","","","","","","","reviewed",""
"config/tailwind/tailwind.config.ts","config","build-time","","","","","","","","","","reviewed",""
"config/vitest/vitest.config.ts","config","build-time","","sentry","","","","","","","","reviewed",""
"custom-worker.ts","worker-entry","worker/server","","","","cron-secret","","","","","","reviewed",""
"features/auth/components/FingerprintButton.tsx","feature","client","","","","","","","yes","","","reviewed",""
"features/auth/index.ts","feature","shared","","","","","","","","","","reviewed",""
"features/calendar/components/AgendaView.tsx","feature","client","","","","","","","","","","reviewed",""
"features/calendar/components/CalendarSidebar.tsx","feature","client","","","","","","","","","","reviewed",""
"features/calendar/components/CalendarWidgets.tsx","feature","client","","","","","","","yes","","","reviewed",""
"features/calendar/components/DayView.tsx","feature","client","","","","","","","","","","reviewed",""
"features/calendar/components/FilterPanel.tsx","feature","client","","","","","","","","","","reviewed",""
"features/calendar/components/ItemActionButtons.tsx","feature","client","","","","","","","","","","reviewed",""
"features/calendar/components/ProgramLegend.tsx","feature","client","","","","","","","","","","reviewed",""
"features/calendar/components/TodoDetailPanel.tsx","feature","client","","","","","","","","","","reviewed",""
"features/calendar/components/widgets/AssignmentsWidget.tsx","feature","client","","","","","","","","","","reviewed",""
"features/calendar/components/widgets/EventsWidget.tsx","feature","client","","","","","","","","","","reviewed",""
"features/calendar/components/widgets/ExamsWidget.tsx","feature","client","","","","","","","","","","reviewed",""
"features/calendar/components/widgets/TodosWidget.tsx","feature","client","","","","","","","","","","reviewed",""
"features/calendar/components/widgets/UnitsWidget.tsx","feature","client","","","","","","","","","","reviewed",""
"features/calendar/hooks/index.ts","feature","shared","","","","","","","","","","reviewed",""
"features/calendar/hooks/useCalendarData.ts","feature","shared","","supabase","","","","","","","","reviewed",""
"features/calendar/hooks/useCalendarDialogs.ts","feature","shared","","","","","","","","","","reviewed",""
"features/calendar/hooks/useCalendarFiltering.ts","feature","shared","","","","","","","","","","reviewed",""
"features/calendar/hooks/useCalendarGetters.ts","feature","shared","","","","","","","","","","reviewed",""
"features/calendar/hooks/useCalendarHighlights.ts","feature","shared","","","","","","","yes","","","reviewed",""
"features/calendar/hooks/useCalendarView.ts","feature","shared","","","","","","","yes","","","reviewed",""
"features/calendar/hooks/useLiveCollaboration.ts","feature","client","","supabase","","","","","","","","reviewed",""
"features/calendar/hooks/usePendingCalendarIntent.ts","feature","shared","","","","","","","yes","","","reviewed",""
"features/calendar/lib/calendarIntent.ts","feature","shared","","","","","","","","","","reviewed",""
"features/feed/components/AnnouncementsSection.tsx","feature","client","","","","","","","","","","reviewed",""
"features/feed/components/EventDetailModal.tsx","feature","client","","","","","","","","","","reviewed",""
"features/feed/components/FeaturedEventsBanner.tsx","feature","client","","","","","","","","try/catch","","reviewed",""
"features/feed/components/FeedEventCard.tsx","feature","shared","","","","","","","","","","reviewed",""
"features/feed/components/FeedFilters.tsx","feature","shared","","","","","","","","","","reviewed",""
"features/feed/components/FeedSidebar.tsx","feature","client","","","","","","","","","","reviewed",""
"features/feed/components/FeedSkeletons.tsx","feature","client","","","","","","","","","","reviewed",""
"features/feed/components/PublicEventCard.tsx","feature","client","","","","","","","","","","reviewed",""
"features/feed/components/PublicFeedClient.tsx","feature","client","","","","","","","yes","","","reviewed",""
"features/feed/components/PublicFeedFilters.tsx","feature","client","","","","","","","","","","reviewed",""
"features/feed/components/QuickStats.tsx","feature","client","","","","","","","","","","reviewed",""
"features/feed/constants.ts","feature","shared","","","","","","","","","","reviewed",""
"features/feed/hooks/useFeedLogic.ts","feature","shared","","supabase","","","","","yes","try/catch","","reviewed",""
"features/feed/hooks/usePublicFeed.ts","feature","shared","","","NODE_ENV","","","","","","","reviewed",""
"features/feed/index.ts","feature","shared","","","","","","","","","","reviewed",""
"features/feed/types.ts","feature","shared","","","","","","","","","","reviewed",""
"features/gamification/components/GamificationStats.tsx","feature","client","","","","","","","","","","reviewed",""
"features/gamification/components/LevelBadge.tsx","feature","client","","","","","","","","","","reviewed",""
"features/gamification/components/LevelUpNotification.tsx","feature","client","","","","","","","","","","reviewed",""
"features/gamification/components/StreakIndicator.tsx","feature","client","","","","","","","","","","reviewed",""
"features/gamification/components/XPHistory.tsx","feature","client","","","","","","","","","","reviewed",""
"features/gamification/components/XPProgressBar.tsx","feature","client","","","","","","","","","","reviewed",""
"features/gamification/components/index.ts","feature","shared","","","","","","","","","","reviewed",""
"features/gamification/index.ts","feature","shared","","","","","","","","","","reviewed",""
"features/home/components/EventsFeed.tsx","feature","client","","","","","","","","","","reviewed",""
"features/home/components/HomeCard.tsx","feature","shared","","","","","","","","","","reviewed",""
"features/home/components/HomeKpiStrip.tsx","feature","client","","","","","","","","try/catch","","reviewed",""
"features/home/components/NextDeadline.tsx","feature","client","","","","","","","","","","reviewed",""
"features/home/components/QuickActions.tsx","feature","client","","","","","","","","","","reviewed",""
"features/home/components/TodaySchedule.tsx","feature","client","","","","","","","","","","reviewed",""
"features/home/components/TodosWidget.tsx","feature","client","","","","","","","","","","reviewed",""
"features/home/components/UpcomingDeadlines.tsx","feature","client","","","","","","","","","","reviewed",""
"features/home/components/UserEventsWidget.tsx","feature","client","","","","","","","","","","reviewed",""
"features/home/components/WeekHeatStrip.tsx","feature","client","","","","","","","","","","reviewed",""
"features/home/components/WelcomeHeader.tsx","feature","client","","","","","","","","","","reviewed",""
"features/home/hooks/index.ts","feature","shared","","","","","","","","","","reviewed",""
"features/home/hooks/useFirstLoginPrompts.ts","feature","client","","weather","","","","","","try/catch","","reviewed",""
"features/home/hooks/useHomeData.ts","feature","shared","","supabase","","","","","","try/catch","","reviewed",""
"features/home/hooks/useHomeErrorBoundary.ts","feature","shared","","","","","","","","","","reviewed",""
"features/home/hooks/useHomeEventListeners.ts","feature","shared","","","","","","","","","","reviewed",""
"features/home/hooks/useHomeUser.ts","feature","shared","","supabase","","","","","","try/catch","","reviewed",""
"features/home/index.ts","feature","shared","","","","","","","","","","reviewed",""
"features/home/types.ts","feature","shared","","","","","","","","","","reviewed",""
"features/map/components/CampusMap.tsx","feature","shared","","","NODE_ENV","","","","yes","try/catch","","reviewed",""
"features/map/components/CampusMapHUD.tsx","feature","client","","","","","","","yes","","","reviewed",""
"features/map/components/DevPinPanel.tsx","feature","client","","","NODE_ENV","","","","","","","reviewed",""
"features/map/components/GoogleMapCanvas.tsx","feature","client","","google","NEXT_PUBLIC_GOOGLE_MAP_ID","","","","yes","try/catch","","reviewed",""
"features/map/components/GoogleMapController.tsx","feature","client","","","","","","","","try/catch","","reviewed",""
"features/map/components/GoogleRoutePanel.tsx","feature","client","","","","","","","","","","reviewed",""
"features/map/components/LayeredCard.tsx","feature","shared","","","","","","","","","","reviewed",""
"features/map/components/MapClient.tsx","feature","client","","","NODE_ENV","","","","yes","try/catch","","reviewed",""
"features/map/components/MapController.tsx","feature","shared","","","","","","","yes","try/catch","","reviewed",""
"features/map/components/MapErrorBoundary.tsx","feature","client","","","NODE_ENV","","","","yes","","","reviewed",""
"features/map/components/MapOverlays.tsx","feature","shared","","","","","","","","","","reviewed",""
"features/map/components/MapPageSkeleton.tsx","feature","client","","","","","","","","","","reviewed",""
"features/map/components/MapSkeleton.tsx","feature","client","","","","","","","","","","reviewed",""
"features/map/components/MapViewToggle.tsx","feature","client","","","","","","","","","","reviewed",""
"features/map/components/RouteAnnouncer.tsx","feature","client","","","","","","","","","","reviewed",""
"features/map/hooks/index.ts","feature","shared","","","","","","","","","","reviewed",""
"features/map/hooks/useCampusBuildingSearch.ts","feature","shared","","","","","","","","","","reviewed",""
"features/map/hooks/useGooglePlacesSearch.ts","feature","client","","","","","","","yes","try/catch","","reviewed",""
"features/map/hooks/useLeafletLoader.ts","feature","client","","","","","","","yes","try/catch","","reviewed",""
"features/map/hooks/useMapLocation.ts","feature","shared","","","NODE_ENV","","","","yes","try/catch","","reviewed",""
"features/map/hooks/useMapNavigation.ts","feature","shared","","","","","","","yes","","","reviewed",""
"features/map/index.ts","feature","shared","","","","","","","","","","reviewed",""
"features/map/lib/budyariNgurraPOIs.ts","feature","shared","","","","","","","","","","reviewed",""
"features/map/lib/buildings.ts","feature","shared","","","","","","","","","","reviewed",""
"features/map/lib/constants.ts","feature","shared","","","","","","","","","","reviewed",""
"features/map/lib/examSites.ts","feature","shared","","","","","","","","","","reviewed",""
"features/map/lib/gcpCalibration.ts","feature","shared","","","","","","","","try/catch","","reviewed",""
"features/map/lib/geospatialCalibration.ts","feature","shared","","","NODE_ENV","","","","","","","reviewed",""
"features/map/lib/leafletTypes.ts","feature","shared","","","","","","","","","","reviewed",""
"features/map/lib/locations.ts","feature","shared","","","","","","","","","","reviewed",""
"features/map/lib/mapOverlays.ts","feature","shared","","","","","","","","","","reviewed",""
"features/map/lib/mapUtils.ts","feature","shared","","","","","","","","","","reviewed",""
"features/map/lib/navigationHelpers.ts","feature","shared","","","","","","","","","","reviewed",""
"features/map/lib/realtimeNavigation.ts","feature","shared","","","","","","","","","","reviewed",""
"features/map/position-editor/PositionEditorClient.tsx","feature","client","","","","","","","yes","try/catch","","reviewed",""
"features/settings/components/AboutSettings.tsx","feature","client","","","","","","","","","","reviewed",""
"features/settings/components/AppearanceSettings.tsx","feature","client","","","","","","","","","","reviewed",""
"features/settings/components/GamificationSettings.tsx","feature","client","","","","","","","","","","reviewed",""
"features/settings/components/GamificationToggleRow.tsx","feature","client","","","","","","","","","","reviewed",""
"features/settings/components/MapSettings.tsx","feature","client","","","","","","","","","","reviewed",""
"features/settings/components/NotificationRow.tsx","feature","client","","","","","","","","","","reviewed",""
"features/settings/components/NotificationSettings.tsx","feature","client","","resend","","","","","","try/catch","","reviewed",""
"features/settings/components/PrivacySettings.tsx","feature","client","","","","","","","","try/catch","","reviewed",""
"features/settings/components/QuickActions.tsx","feature","client","","","","","","","","","","reviewed",""
"features/settings/components/SecuritySettings.tsx","feature","client","","","","","","","","try/catch","","reviewed",""
"features/settings/components/SettingsSectionBoundary.tsx","feature","client","","","NODE_ENV","","","","","","","reviewed",""
"features/settings/components/SettingsSkeleton.tsx","feature","client","","","","","","","","","","reviewed",""
"features/settings/components/ToggleControl.tsx","feature","client","","","","","","","","","","reviewed",""
"features/settings/components/index.ts","feature","shared","","","","","","","","","","reviewed",""
"features/settings/components/privacy/ChangePasswordDialog.tsx","feature","client","","","","","","","","try/catch","","reviewed",""
"features/settings/components/privacy/ClearDataDialog.tsx","feature","client","","","","","","","","try/catch","","reviewed",""
"features/settings/components/privacy/DataManagement.tsx","feature","client","","","","","","","","","","reviewed",""
"features/settings/components/privacy/ExportDataDialog.tsx","feature","client","","","","","","","","","","reviewed",""
"features/settings/components/privacy/SessionsList.tsx","feature","client","","","","","","","","","","reviewed",""
"features/settings/components/security/PasskeySecuritySection.tsx","feature","client","","","","","","","","try/catch","","reviewed",""
"features/settings/components/security/SMSSetup.tsx","feature","client","","resend","","","","","","try/catch","","reviewed",""
"features/settings/components/security/TOTPSetup.tsx","feature","client","","","","","","","yes","try/catch","","reviewed",""
"features/settings/constants.ts","feature","shared","","","","","","","","","","reviewed",""
"features/settings/index.ts","feature","shared","","","","","","","","","","reviewed",""
"lib/auth/providerGuard.ts","library","shared","","supabase","","","","","","","","reviewed",""
"lib/calendar-utils.ts","library","shared","","","","","","","","","","reviewed",""
"lib/cloudflare/scheduled.ts","library","shared","","","","cron-secret","","","","","","reviewed",""
"lib/config.ts","library","shared","","","NEXT_PUBLIC_APP_URL","","","","","","","reviewed",""
"lib/constants/config.ts","library","shared","","resend","","","","","","","","reviewed",""
"lib/constants/errors.ts","library","shared","","","","","","","","","","reviewed",""
"lib/constants/index.ts","library","shared","","","","","","","","","","reviewed",""
"lib/data/mq-courses.ts","library","shared","","","","","","","","","","reviewed",""
"lib/hooks/index.ts","library","shared","","","","","","","","","","reviewed",""
"lib/hooks/use-retry.ts","library","shared","","","","","","","","try/catch","","reviewed",""
"lib/hooks/use-toast.ts","library","client","","","","","","","yes","","","reviewed",""
"lib/hooks/useBiometrics.ts","library","shared","","","","","","","","try/catch","","reviewed",""
"lib/hooks/useDataExport.ts","library","shared","","","","","","","","try/catch","","reviewed",""
"lib/hooks/useHydration.ts","library","client","","","","","","","","","","reviewed",""
"lib/hooks/useInactivityLogout.ts","library","client","","","","","","","yes","","","reviewed",""
"lib/hooks/useInstallPrompt.ts","library","client","","","","","","","","","","reviewed",""
"lib/hooks/useLiquidGlass.ts","library","client","","","","","","","","","","reviewed",""
"lib/hooks/useLocalStorage.ts","library","client","","","","","","","","try/catch","","reviewed",""
"lib/hooks/useMouseGlow.ts","library","client","","","","","","","","","","reviewed",""
"lib/hooks/useNotificationScheduler.ts","library","client","","","","","","","","","","reviewed",""
"lib/hooks/useReminderChecker.ts","library","client","","","","","","","","try/catch","","reviewed",""
"lib/hooks/useSWUpdate.ts","library","client","","","","","","","","","","reviewed",""
"lib/hooks/useSafeTranslation.ts","library","shared","","","","","","","","","","reviewed",""
"lib/hooks/useSessionManager.ts","library","shared","","","","","","","","try/catch","","reviewed",""
"lib/hooks/useTranslation.ts","library","client","","","","","","","","","","reviewed",""
"lib/hooks/useTypedTranslation.ts","library","shared","","","","","","","","","","reviewed",""
"lib/i18n/translations.ts","library","shared","","","","","","","","try/catch","","reviewed",""
"lib/logger.ts","library","shared","","sentry","NODE_ENV","","","","","","","reviewed",""
"lib/maps/buildings/buildingSearch.ts","library","shared","","","","","","","","","","reviewed",""
"lib/maps/google/decodePolyline.ts","library","shared","","","","","","","","","","reviewed",""
"lib/maps/google/fieldMasks.ts","library","shared","","","","","","","","","","reviewed",""
"lib/maps/google/loader.ts","library","client","","google","NEXT_PUBLIC_GOOGLE_MAPS_API_KEY","","","","","","","reviewed",""
"lib/maps/google/types.ts","library","shared","","","","","","","","","","reviewed",""
"lib/middleware.ts","library","shared","","supabase weather","NEXT_PUBLIC_SUPABASE_URL NEXT_PUBLIC_SUPABASE_ANON_KEY NODE_ENV","inline getUser()","","","yes","try/catch","","reviewed",""
"lib/platform/runtime.ts","library","shared","","","","","","","","try/catch","","reviewed",""
"lib/schemas/auth.ts","library","shared","","","","","","","","","","reviewed",""
"lib/security/audit.ts","library","shared","","supabase","","","","","","try/catch","","reviewed",""
"lib/security/constant-time-compare.ts","library","shared","","","","","","","","","","reviewed",""
"lib/security/csp-enhanced.ts","library","shared","","supabase google weather","NODE_ENV CSP_REPORT_URI CSP_REPORT_TO","","","","","try/catch","","reviewed",""
"lib/security/csp.ts","library","shared","","supabase google weather sentry","NODE_ENV CSP_REPORT_URI CSP_REPORT_TO","","","","","try/catch","","reviewed",""
"lib/security/csrf.ts","library","shared","","supabase google","VITEST NODE_ENV CSRF_VALIDATION_ENABLED NEXT_PUBLIC_SUPABASE_PROJECT_REF NEXT_PUBLIC_SUPABASE_URL","","","","","try/catch","","reviewed",""
"lib/security/device-fingerprinting.ts","library","shared","","","","","","","","try/catch","","reviewed",""
"lib/security/dns-resolution.ts","library","shared","","","","","","","","","","reviewed",""
"lib/security/emailVerification.ts","library","shared","","supabase resend","","","","","","","","reviewed",""
"lib/security/headers-scanner.ts","library","shared","","","","","","","yes","try/catch","","reviewed",""
"lib/security/identifiers.ts","library","shared","","","","","","","","","","reviewed",""
"lib/security/index.ts","library","shared","","","","","","","","","","reviewed",""
"lib/security/ip-anomaly-detection.ts","library","shared","","supabase","NODE_ENV","","","","","try/catch","","reviewed",""
"lib/security/ip.ts","library","shared","","","","","","","","try/catch","","reviewed",""
"lib/security/mfa.ts","library","shared","","supabase resend","","","","","","","","reviewed",""
"lib/security/password-breach.ts","library","shared","","supabase hibp","","","","","","try/catch","","reviewed",""
"lib/security/passwordReset.ts","library","shared","","supabase resend","","","","","","","","reviewed",""
"lib/security/request-signing.ts","library","shared","","","","","","","","","","reviewed",""
"lib/security/session-termination.ts","library","shared","","supabase","","","","","","try/catch","","reviewed",""
"lib/security/sri-enhanced.ts","library","shared","","google","","","","","","try/catch","","reviewed",""
"lib/security/sri.ts","library","shared","","","","","","","","","","reviewed",""
"lib/security/two-factor-backup-codes.ts","library","shared","","supabase","","","","","","try/catch","","reviewed",""
"lib/security/webauthn.ts","library","shared","","supabase","NODE_ENV WEBAUTHN_RP_ID WEBAUTHN_ORIGIN","","service-role","","","","","reviewed",""
"lib/server/push.ts","library","shared","","supabase web-push","NEXT_PUBLIC_VAPID_PUBLIC_KEY VAPID_PRIVATE_KEY VAPID_SUBJECT","","service-role","","","try/catch","","reviewed",""
"lib/services/emailService.ts","library","shared","","resend","NEXT_PUBLIC_APP_URL NEXT_PUBLIC_SITE_URL VERCEL_PROJECT_PRODUCTION_URL VERCEL_BRANCH_URL VERCEL_URL NODE_ENV RESEND_API_KEY VERIFICATION_EMAIL_FROM VERIFICATION_EMAIL_NAME","","","","","try/catch","","reviewed",""
"lib/services/notificationService.ts","library","client","","","NEXT_PUBLIC_VAPID_PUBLIC_KEY","","","","","try/catch","","reviewed",""
"lib/services/ors.ts","library","shared","","","","","","","yes","try/catch","","reviewed",""
"lib/services/rateLimitService.ts","library","shared","","supabase ratelimit-store","UPSTASH_REDIS_REST_URL UPSTASH_REDIS_REST_TOKEN KV_REST_API_URL KV_REST_API_TOKEN ALLOW_MEMORY_RATE_LIMIT","","service-role","","","try/catch","","reviewed",""
"lib/store/calendarIntentStore.ts","library","shared","","","","","","","","","","reviewed",""
"lib/store/deadlinesStore.ts","library","shared","","supabase","","","","","yes","try/catch","","reviewed",""
"lib/store/eventsStore.ts","library","client","","supabase","","","","","","try/catch","","reviewed",""
"lib/store/gamificationStore.ts","library","shared","","","","","","","","try/catch","","reviewed",""
"lib/store/itemNotificationsStore.ts","library","client","","","","","","","","","","reviewed",""
"lib/store/languageStore.ts","library","shared","","","","","","","","","","reviewed",""
"lib/store/mapStore.ts","library","shared","","","","","","","","","","reviewed",""
"lib/store/notificationPreferencesStore.ts","library","client","","","","","","","yes","try/catch","","reviewed",""
"lib/store/notificationsStore.ts","library","client","","","","","","","","try/catch","","reviewed",""
"lib/store/offlineSyncStore.ts","library","client","","","","","","","yes","try/catch","","reviewed",""
"lib/store/profilesStore.ts","library","client","","supabase","","","","","","try/catch","","reviewed",""
"lib/store/publicEventsStore.ts","library","shared","","supabase","","inline getUser()","","","","try/catch","","reviewed",""
"lib/store/remindersStore.ts","library","client","","","","","","","","","","reviewed",""
"lib/store/themeStore.ts","library","shared","","","","","","","","","","reviewed",""
"lib/store/todosStore.ts","library","shared","","supabase","","","","","","try/catch","","reviewed",""
"lib/store/unitsStore.ts","library","client","","","","","","","","try/catch","","reviewed",""
"lib/supabase/admin.ts","library","shared","","supabase","NEXT_PUBLIC_SUPABASE_URL SUPABASE_SERVICE_ROLE_KEY","","service-role","","","","","reviewed",""
"lib/supabase/browserSession.ts","library","client","","supabase","","inline getUser()","","","yes","","","reviewed",""
"lib/supabase/client.ts","library","shared","","supabase","NEXT_PUBLIC_SUPABASE_URL NEXT_PUBLIC_SUPABASE_ANON_KEY","","","","yes","","","reviewed",""
"lib/supabase/database.types.ts","library","shared","","supabase","","","","","","","","reviewed",""
"lib/supabase/fetch.ts","library","shared","","supabase","NODE_ENV","","","","yes","try/catch","","reviewed",""
"lib/supabase/middleware.ts","library","shared","","supabase","NEXT_PUBLIC_SUPABASE_URL NEXT_PUBLIC_SUPABASE_ANON_KEY","inline getUser()","","","","try/catch","","reviewed",""
"lib/supabase/server.ts","library","shared","","supabase","NEXT_PUBLIC_SUPABASE_URL NEXT_PUBLIC_SUPABASE_ANON_KEY","","","","","","","reviewed",""
"lib/types/global.d.ts","library","shared","","","","","","","","","","reviewed",""
"lib/types/index.ts","library","shared","","","","","","","","","","reviewed",""
"lib/types/publicEvents.ts","library","shared","","","","","","","","","","reviewed",""
"lib/types/translator.ts","library","shared","","","","","","","","","","reviewed",""
"lib/utils.ts","library","shared","","","","","","","","","","reviewed",""
"lib/utils/api.ts","library","shared","","supabase","","","","","","try/catch","","reviewed",""
"lib/utils/buildingValidation.ts","library","shared","","","","","","","","","","reviewed",""
"lib/utils/clientStorage.ts","library","client","","","","","","","","try/catch","","reviewed",""
"lib/utils/devLog.ts","library","shared","","","NODE_ENV","","","","","","","reviewed",""
"lib/utils/errorHandling.ts","library","shared","","sentry","NODE_ENV NEXT_PUBLIC_SENTRY_ENABLED","","","","","try/catch","","reviewed",""
"lib/utils/gamification.ts","library","shared","","","","","","","","","","reviewed",""
"lib/utils/haptics.ts","library","shared","","","","","","","","try/catch","","reviewed",""
"lib/utils/locale.ts","library","shared","","","","","","","","","","reviewed",""
"lib/utils/passkey.ts","library","shared","","","","","","","","","","reviewed",""
"lib/utils/pwa.ts","library","shared","","","","","","","","","","reviewed",""
"lib/utils/rate-limit.ts","library","shared","","","","","","","","","","reviewed",""
"lib/utils/requestLogger.ts","library","shared","","","NODE_ENV","","","","","try/catch","","reviewed",""
"lib/utils/retry.ts","library","shared","","","","","","","yes","try/catch","","reviewed",""
"lib/utils/security.ts","library","shared","","","","","","","","","","reviewed",""
"lib/utils/serviceWorker.ts","library","shared","","","","","","","","try/catch","","reviewed",""
"lib/utils/toast.ts","library","shared","","","","","","","","","","reviewed",""
"lib/utils/uuid.ts","library","shared","","","","","","","","","","reviewed",""
"lib/weather/normalize.ts","library","shared","","weather","","","","","","","","reviewed",""
"lib/weather/normalizeGoogle.ts","library","shared","","weather","","","","","","","","reviewed",""
"lib/weather/providers/googleWeatherProvider.ts","library","shared","","google weather","","","","","","","","reviewed",""
"lib/weather/providers/openMeteoProvider.ts","library","shared","","weather","","","","","","","","reviewed",""
"lib/weather/providers/provider.ts","library","shared","","weather","","","","","","","","reviewed",""
"lib/weather/types.ts","library","shared","","weather","","","","","","","","reviewed",""
"middleware.ts","middleware","worker/server","","","","","","","","","","reviewed",""
"next.config.ts","config","build-time","","","","","","","","","","reviewed",""
"open-next.config.ts","config","build-time","","","","","","","","","","reviewed",""
"tools/cloudflare/check-public-env.mjs","build-tool","build-time","","supabase","NEXT_PUBLIC_X","","service-role","","","try/catch","","reviewed",""
"tools/cloudflare/check-runtime-compat.mjs","build-tool","build-time","","","","","","","","try/catch","","reviewed",""
"tools/cloudflare/check-worker-size.mjs","build-tool","build-time","","","","","","","","try/catch","","reviewed",""
"tools/cloudflare/smoke.mjs","build-tool","build-time","","","","","","","yes","try/catch","","reviewed",""
"tools/convert-mq-units.js","build-tool","build-time","","","","","","","","","","reviewed",""
"tools/deployment/check-required-env.mjs","build-tool","build-time","","supabase resend weather ratelimit-store sentry","","cron-secret","","","","try/catch","","reviewed",""
"tools/export_buildings.mjs","build-tool","build-time","","","","","","","","","","reviewed",""
"tools/i18n/audit-i18n.mjs","build-tool","build-time","","","","","","","","","","reviewed",""
"tools/i18n/check-translations.mjs","build-tool","build-time","","","","","","","","","","reviewed",""
"tools/i18n/deep-audit.mjs","build-tool","build-time","","","","","","","","","","reviewed",""
"tools/i18n/fill-common-translations.mjs","build-tool","build-time","","","","","","","","","","reviewed",""
"tools/i18n/find-hardcoded.mjs","build-tool","build-time","","","","","","","","","","reviewed",""
"tools/i18n/find-missing-keys.mjs","build-tool","build-time","","","","","","","","","","reviewed",""
"tools/i18n/find-untranslated.mjs","build-tool","build-time","","","","","","","","","","reviewed",""
"tools/i18n/generate-translations.mjs","build-tool","build-time","","","","","","","","","","reviewed",""
"tools/i18n/sync-translations.mjs","build-tool","build-time","","","","","","","","","","reviewed",""
"tools/i18n/translate-remaining.mjs","build-tool","build-time","","","","","","","","","","reviewed",""
"tools/i18n/translate-weather-keys.mjs","build-tool","build-time","","weather","","","","","","","","reviewed",""
"tools/i18n/update-all-translations.mjs","build-tool","build-time","","","","","","","","","","reviewed",""
"tools/loadtest/artillery.processor.js","build-tool","build-time","","","","","","","","","","reviewed",""
"tools/security/check-secrets.mjs","build-tool","build-time","","supabase resend weather ratelimit-store","","","","","","try/catch","","reviewed",""
"tools/security/check-sharp-risk.mjs","build-tool","build-time","","","","","","","","try/catch","","reviewed",""
"tools/security/check-sharp-risk.test.mjs","build-tool","build-time","","","","","","","","try/catch","","reviewed",""
"tools/vercel/check-required-env.mjs","build-tool","build-time","","supabase resend ratelimit-store","VERCEL_TOKEN VERCEL_ORG_ID VERCEL_ENVIRONMENT","cron-secret","","","","try/catch","","reviewed",""
"tools/vercel/deploy.mjs","build-tool","build-time","","","KEEP_VERCEL_TMP","","","","","try/catch","","reviewed",""
