finding_id,title,category,severity,confidence,status,root_cause,entrypoint,control,sink,affected_files,reproduction_test,fix_commit,verification,deployment_impact,security_scan_id,deferred_reason,review_expiry,notes
BA-0021,"user_details view lost security_invoker, exposing every user's PII to any authenticated user",tenant-isolation,P0,high,fixed_targeted,"20260304100000 DROPs and re-CREATEs public.user_details without WITH (security_invoker = true), then GRANTs SELECT to authenticated. A Postgres view without security_invoker executes with the view owner's privileges, so RLS on public.profiles is bypassed. This is the last migration touching the view, so it is the current effective state. The same regression happened once before: set at 20260113000000:104, lost, restored at 20260226000000:19, and lost again here.",any authenticated Supabase client: select * from user_details,Row Level Security on public.profiles,"every row of profiles joined to gamification_profiles: email, full_name, student_id, faculty, course, year, avatar_url, xp",supabase/migrations/20260304100000_add_faculty_to_views_and_functions.sql:6-31,tests/security/view-security-invoker.test.ts,143f52fc,"RED without the migration: test named 4 exposed views including public.user_details. GREEN with it. Full gate 1112/1112, typecheck, lint, secrets clean. NOT APPLIED to any database - the migration is committed but unrun, so the production exposure REMAINS until it is deployed.",LIVE IN PRODUCTION. Requires a database migration to fix; cannot be resolved by a code deploy.,,,,"VERIFIED BY ME by reading the migration chronology, not taken on the subagent's word. Attacker capability required is only a valid authenticated session - i.e. any registered student - which is why this is P0 and not P1. Fix is one statement: ALTER VIEW public.user_details SET (security_invoker = true); shipped as a new idempotent migration, plus a regression test. Lane D reports four more P0s in the same class (ensure_user_profile SECURITY DEFINER without ownership check, three materialized views granted to authenticated, audit-log views without security_invoker, webauthn_challenges policies reachable by anon) - all still UNVERIFIED by me."
BA-0001,WebAuthn challenge consumption is not atomic and its delete result is unchecked,concurrency-idempotency,P2,high,fixed_full_verified,"consumeChallenge() performs SELECT then a separate DELETE. Two callers can both pass the SELECT before either DELETE commits. The DELETE result is discarded, so a failed delete silently leaves the challenge valid until its 5-minute expiry.",POST /api/webauthn/authenticate/verify; POST /api/auth/passkey/verify,single-use WebAuthn challenge,webauthn_challenges table; session establishment via admin magic link,lib/security/webauthn.ts,tests/security/webauthn-challenge-atomicity.test.ts,2bce4052,"Reproduction RED: two concurrent consumers both claimed one challenge (expected 1, got 2). GREEN after fix. Siblings green (webauthn-auth-options, webauthn-credentials 17/17). Full suite 1110/1110, typecheck clean, lint clean, format clean.",Live in production since the 2026-07-29 Cloudflare cutover. No deployment change required to fix; code-only.,,,,"Defence-in-depth is incomplete: @simplewebauthn only enforces the signature counter when the stored counter is > 0, and synced platform passkeys (iCloud Keychain, Google Password Manager) commonly report 0, which skips that check. updateCredentialCounter() also writes newCounter unconditionally with no monotonic guard and only logs errors. For counter-0 authenticators the challenge delete is therefore the sole single-use guarantee. Attacker capability required: possession of a valid unexpired assertion, so not trivially exploitable - hence P2 not P1. Fix: single atomic DELETE ... WHERE challenge/type/not-expired RETURNING *, plus a monotonic guard on the counter update."
BA-0002,Unverified client-supplied WebAuthn public key is later trusted to mint a session,authentication,P1,high,fixed_full_verified,"POST /api/auth/biometric writes client-supplied credentialId and publicKey straight into user_metadata with no WebAuthn registration ceremony - no challenge, no attestation, no proof of possession. authenticate/verify then reads biometric_public_key back as legacyPublicKey and passes it to verifyAuthenticationResponse as the trusted credential public key.",POST /api/auth/biometric -> POST /api/webauthn/authenticate/verify,WebAuthn registration ceremony,session issued via admin magic link for the victim user_id,app/api/auth/biometric/route.ts:112-121; app/api/webauthn/authenticate/verify/route.ts:95-121,tests/api/auth/biometric.test.ts (BA-0002 case),6fb0d281,"RED confirmed against pre-fix code via git stash: POST /api/auth/biometric with enabled:true and attacker-supplied credentialId/publicKey crashed (500) rather than being rejected, and would have written the attacker-controlled key into user_metadata. GREEN after fix: endpoint now rejects enabled:true with 400 VALIDATION_ERROR before touching auth.updateUser() or webauthn_credentials; credentialId/publicKey/counter/transports removed from the accepted schema entirely. Confirmed the only two real frontend callers of POST /api/auth/biometric (lib/hooks/useBiometrics.ts) are the status GET and the enabled:false disable call - the vulnerable enabled:true+credential path was dead weight for legitimate users, so no real user flow is broken. Legitimate enrollment already goes through the verified ceremony at /api/auth/passkey/register-options + /api/auth/passkey/register (verifyRegistrationResponse against a server-issued, cookie-bound challenge), which is untouched and remains the only way biometric_public_key/biometric_credential_id can be written. Full suite green, typecheck clean.",Live in production since the 2026-07-29 cutover. Code-only fix.,,,,"VERIFIED BY ME against source, not taken from the subagent report. Attacker plants their own public key, holds the matching private key, and the signature verifies. Required capability: an authenticated session on the victim account (XSS, stolen cookie, or borrowed device) - so not P0. Impact is persistence: converts a temporary compromise into a permanent password-independent backdoor that survives a password reset, and per the reported BA-0005 other sessions are not revoked on password change either. Fix: stop trusting user_metadata credential material for authentication; require a real registration ceremony writing to webauthn_credentials, and retire the legacy metadata path or gate it behind proof of possession. FIXED BY ME: closed the unverified write path in app/api/auth/biometric/route.ts rather than tearing out the whole legacy user_metadata credential system, because app/api/auth/passkey/register already performs a real WebAuthn registration ceremony against that same metadata and is actively used by real legacy passkey holders - retiring it wholesale would have broken them. authenticate/verify's trust of biometric_public_key is now safe because that field can only be populated via a verified ceremony."
BA-0003,WebAuthn RP ID and expected origin fall back to client-controlled Host/Origin headers,authentication,P3,high,validated,getRelyingPartyId(host) returns host.split(':')[0] and getExpectedOrigin(requestOrigin) returns requestOrigin when WEBAUTHN_RP_ID / WEBAUTHN_ORIGIN are unset. Both inputs come from request headers.,POST /api/webauthn/authenticate/verify,WebAuthn origin and RP ID binding,verifyAuthenticationResponse expectedRPID / expectedOrigin,lib/security/webauthn.ts:292-308; app/api/webauthn/authenticate/verify/route.ts:112-115,,,,"Not exploitable in current production: WEBAUTHN_RP_ID and WEBAUTHN_ORIGIN are set as Worker secrets and check-required-env.mjs enforces exact values when DEPLOYMENT_ENV=production, so the fallback branch is unreachable there.",,,,"VERIFIED BY ME. Rated P3 rather than P1 precisely because the production env vars are set and enforced - the severity is latent, not active. It remains a fail-open shape: any environment that loses those vars silently derives WebAuthn's two anchoring values from attacker-controlled headers, defeating origin binding entirely. Fix: fail closed when the env vars are absent instead of falling back to headers."
BA-0004,Reported: new passkey enrollment does not require AAL2 and /api/auth/* is exempt from the middleware AAL2 gate,pending-triage,P2,unverified,candidate,,,,,,,,,,,Awaiting independent verification against source before triage.,,Reported by Lanes E+J agent. NOT yet verified by me.
BA-0005,Reported: password change does not revoke other sessions; session-termination.ts is dead code,authentication,P2,unverified,fixed_targeted,"app/api/auth/password/route.ts changed the password via supabase.auth.updateUser({password}) but never revoked any other session. lib/security/session-termination.ts exists to do this but is dead code: every function in it reads/writes a `user_sessions` table (supabase/migrations/20260214001000_align_code_db_objects.sql) that nothing in the app ever inserts into, so it always operates on zero rows. It is exported via lib/security/index.ts but never imported/called by any route.",POST /api/auth/password,session revocation on password change,a stolen/leaked session (or the session used to compromise the account) survives a password change indefinitely,app/api/auth/password/route.ts; lib/security/session-termination.ts (confirmed dead),tests/api/auth/passwordChange.test.ts (BA-0005 case),30738028,"RED confirmed via git stash against the pre-fix route: a successful password change never called auth.signOut(). GREEN after fix: auth.signOut({scope:'others'}) is called after a successful updateUser(), and NOT called when either the current-password verification or the password update itself fails. Full suite green, typecheck and lint clean.",Code-only fix; live in production since the 2026-07-29 cutover until deployed.,,Awaiting independent verification against source before triage.,,"VERIFIED BY ME against source (confirmed BA-0002's own note that 'per the reported BA-0005 other sessions are not revoked on password change either'). Fixed via Supabase's native auth.signOut({scope:'others'}) - the same mechanism already used by the manual 'sign out other devices' action in POST /api/auth/sessions - rather than resurrecting session-termination.ts, which depends on a user_sessions table nothing populates. NOT ADDRESSED: POST /api/auth/password/reset (forgot-password, admin-token flow) has no session/JWT to scope 'others' against - the Supabase JS admin API's signOut() takes a JWT, not a user ID, and there is no session tracking to enumerate JWTs to revoke. This remains a gap for the reset-token flow specifically and is flagged as a follow-up rather than attempted as a rushed fix in this pass."
BA-0006,Reported: password-reset and email-verify token consumption does not check affected-row count,pending-triage,P2,unverified,candidate,,,,,,,,,,,Awaiting independent verification against source before triage.,,Reported by Lanes E+J agent as a BA-0001 sibling. NOT yet verified by me.
BA-0007,"Reported: POST /api/audit lets an authenticated user insert arbitrary self-attributed audit rows, unrate-limited",pending-triage,P2,unverified,candidate,,,,,,,,,,,Awaiting independent verification against source before triage.,,Reported by Lanes E+J agent; cross-user forgery said to be blocked at SQL layer. NOT yet verified by me.
BA-0008,Reported: protected page routes are served rather than redirected when auth.getUser() times out or errors,authentication,P1,unverified,fixed_full_verified,"lib/middleware.ts: when supabase.auth.getUser() timed out or errored (authResolution === 'unknown'), the protected-page branch `if (isProtectedRoute && !user && ...) { if (authResolution === 'unknown') { return response; } ... }` returned the in-flight response and served the protected page instead of redirecting to /login. The equivalent API-route branch a few lines below already failed closed with a 503.","any protected page route, e.g. GET /calendar, /settings, /home",session-resolution gate on protected page routes,protected page rendered to an unauthenticated/unresolved visitor,lib/middleware.ts,tests/api/middleware.fail-closed.test.ts (BA-0008 case),16b3a055,"RED confirmed via git stash against pre-fix lib/middleware.ts: request to /calendar with auth.getUser() hung past the 6s deadline returned 200 (page served) instead of a redirect. GREEN after fix: same scenario now redirects to /login?redirectTo=%2Fcalendar. Full existing middleware suites (middleware.test.ts, middleware.mfa.test.ts, middleware.matcher.test.ts, middleware-rate-limit-key.test.ts, cloudflare/middleware-edge-compat.test.ts) all still green. Typecheck and lint clean.",Code-only fix; live in production since the 2026-07-29 cutover until deployed.,,Awaiting independent verification against source before triage.,,"VERIFIED BY ME against source, not taken from the subagent report. Fixed by removing the fail-open early return so protected pages redirect to /login on an unresolved auth check, matching the fail-closed behavior the API-route branch already had. ATTRIBUTION NOTE: this fix and its test were committed as part of 16b3a055 ('docs(audit): close BA-0022/23/24/25/26...'), a peer lane agent's commit, due to a shared-git-index race in this worktree (three agents committing concurrently) - the peer's `git commit` swept up my staged lib/middleware.ts, tests/api/middleware.fail-closed.test.ts and tests/api/middleware.mfa.test.ts changes before my own `git commit` ran. The code and tests are mine (BA-0008/0009/0010); the commit message and surrounding ledger diff in that commit are the peer's, for BA-0022-0026. History was not rewritten to fix attribution per coordinator instruction, to avoid destroying concurrent in-flight work."
BA-0009,Reported: MFA/AAL unknown defaults to no-upgrade-needed on page routes while API routes correctly 503,authentication,P1,unverified,fixed_full_verified,"lib/middleware.ts: requiresMfaUpgrade defaults to false and is only set true when the AAL check (supabase.auth.mfa.getAuthenticatorAssuranceLevel()) actually resolves. When that check timed out or errored (mfaResolution === 'unknown'), both the /login-redirect-to-/home branch and the protected-page MFA-upgrade branch read the untouched `false` default as 'no MFA upgrade needed', silently skipping step-up MFA. The API-route equivalent already failed closed with 503 AUTH_UNAVAILABLE in the identical situation.",GET /login (already authenticated) and any protected page route,AAL2 step-up MFA gate on page routes,"authenticated page served/redirected to /home without confirming AAL, bypassing MFA upgrade",lib/middleware.ts:274-329 (pre-fix line range),tests/api/middleware.mfa.test.ts (two BA-0009 cases),16b3a055,"RED confirmed via git stash: with the AAL check hung past its 2.5s deadline, an authenticated visit to /calendar returned 200 (served) instead of redirecting to /login?mfa=1, and /login redirected straight to /home. GREEN after fix: both branches now redirect to /login?mfa=1 (or render /login as-is) whenever mfaResolution is 'unknown', mirroring the API branch's 503. Full middleware suite green, typecheck and lint clean.",Code-only fix; live in production since the 2026-07-29 cutover until deployed.,,Awaiting independent verification against source before triage.,,"VERIFIED BY ME against source. Same attribution note as BA-0008: this fix landed inside peer commit 16b3a055 due to a shared-git-index race across three concurrent agents in one worktree; the code/tests are mine, the commit message is a peer's, for an unrelated set of findings (BA-0022-0026). History not rewritten per coordinator instruction."
BA-0010,Reported: invalid Supabase env config causes protected API routes to bypass auth entirely,authentication,P2,unverified,fixed_full_verified,"lib/middleware.ts: `protectedRoutes` only lists page paths ('/home', '/calendar', ...), never '/api/...'. When Supabase env config was invalid (hasValidUrl/hasValidKey false), the branch redirected page routes to /login but otherwise fell through to `return response` unconditionally - including every non-public API route, which was forwarded straight to its handler with zero auth check performed by the proxy.",any non-public API route while NEXT_PUBLIC_SUPABASE_URL/ANON_KEY are invalid or missing,proxy-level auth gate on non-public API routes,API route handler invoked with no upstream auth verification,lib/middleware.ts:160-173 (pre-fix line range),tests/api/middleware.fail-closed.test.ts (BA-0010 cases),16b3a055,"RED confirmed via git stash: with an invalid NEXT_PUBLIC_SUPABASE_URL, POST /api/user/export returned 200 passthrough (getUser() never even called) instead of a denial. GREEN after fix: same request now returns 503 AUTH_UNAVAILABLE before the client is constructed; protected pages still redirect to /login as before, and public API routes (e.g. /api/health) remain reachable. Full middleware suite green, typecheck and lint clean. Note: downstream route handlers that independently call requireAuth()/requireAuthWithRateLimit() (most mutation routes) had their own defense in depth even before this fix; this closes the proxy-level gap for any route that relies solely on the middleware.",Code-only fix; live in production since the 2026-07-29 cutover until deployed.,,Awaiting independent verification against source before triage.,,"VERIFIED BY ME against source. Same attribution note as BA-0008/BA-0009: landed inside peer commit 16b3a055 due to a shared-git-index race; code/tests are mine, commit message is a peer's for unrelated findings. History not rewritten per coordinator instruction."
BA-0011,Cleanup jobs may be double-scheduled: pg_cron registers the same times as the new Cloudflare Cron Triggers,concurrency-idempotency,P2,medium,validated,"Three migrations conditionally register pg_cron schedules at 0/10/20 3 * * * UTC, the identical expressions activated on the Cloudflare Worker at the 2026-07-29 cutover. The guard is IF EXISTS (SELECT 1 FROM pg_extension WHERE extname='pg_cron'), and no migration runs CREATE EXTENSION, so it fires only where the extension was enabled out of band.",pg_cron scheduler inside Postgres; Cloudflare Cron Triggers,single-scheduler invariant,"cleanup_expired_email_verifications, password reset cleanup, rate-limit cleanup",supabase/migrations/20260213000000_email_verifications.sql:74-84; supabase/migrations/20260208000000_security_audit_fixes.sql:37; supabase/migrations/20260216193000_password_resets.sql:78,,,,CONDITIONAL on pg_cron being enabled on the Supabase project - not verifiable from tracked SQL alone and requires a dashboard or database check.,,,,"Code structure VERIFIED BY ME; whether the extension is enabled is NOT verified and needs a database check. This directly qualifies the cutover claim recorded in docs/operations/cloudflare-cutover-record-2026-07-29.md: that verification compared Vercel Cron against Cloudflare Cron and never considered pg_cron as a third scheduler. Impact if enabled is bounded - the cleanup functions delete expired rows and are naturally idempotent - but the stated single-scheduler invariant would be false. Action: check SELECT * FROM cron.job on the production database, and if present unschedule the three jobs or drop the pg_cron blocks."
BA-0012,Reported: push subscription upsert on globally-unique endpoint via admin client can reassign another user's subscription,authorization,P1,unverified,fixed_full_verified,"app/api/push/subscription/route.ts:23 used `createAdminClient() ?? (await createServerClient())`, which in any properly-configured deployment always resolves to the service-role admin client - bypassing Row Level Security entirely. push_subscriptions.endpoint is globally unique and POST upserts with `onConflict: 'endpoint'`. The table's RLS policies (20260313093000_add_web_push_infrastructure.sql) intentionally scope INSERT/UPDATE to auth.uid() = user_id so a conflicting upsert against a row you don't own is meant to be rejected; routing through the admin client silently defeated that check.",POST /api/push/subscription,RLS ownership check (auth.uid() = user_id) on push_subscriptions INSERT/UPDATE,"another user's existing push_subscriptions row (endpoint, keys) reassigned/hijacked",app/api/push/subscription/route.ts:22-24,tests/api/push.subscription.route.test.ts (BA-0012 case),b752683c,"RED confirmed via git stash against the pre-fix route: existing tests asserted createAdminClient() was used for the mutation. GREEN after fix: POST/DELETE now construct only the RLS-scoped createServerClient(); createAdminClient is never invoked for this mutation (expect(createAdminClientMock).not.toHaveBeenCalled() passes). Actual cross-user reassignment can only be proven against live Postgres RLS, which this unit-test harness cannot exercise; the regression test instead locks in the root cause (which client performs the mutation). Full suite green, typecheck and lint clean.",Code-only fix; live in production since the 2026-07-29 cutover until deployed.,,Awaiting independent verification against source before triage.,,"VERIFIED BY ME against source and the RLS policies in 20260313093000_add_web_push_infrastructure.sql, which confirm the intended ownership semantics the admin-client fallback was silently bypassing."
BA-0013,Reported: CRON_SECRET compared with plain === rather than a timing-safe comparison in all four cron routes,pending-triage,P2,unverified,candidate,,,,,,,,,,,Awaiting independent verification against source before triage.,,Reported by Lanes G+H+I agent. NOT yet verified by me.
BA-0014,"Reported: push-reminders cron performs sequential unbounded per-user work every 10 minutes, risking Worker CPU limits",pending-triage,P2,unverified,candidate,,,,,,,,,,,Awaiting independent verification against source before triage.,,Reported by Lanes G+H+I agent. NOT yet verified by me.
BA-0015,"Reported: push-reminders delivery dedup is check-then-insert, so overlapping invocations can double-send",pending-triage,P2,unverified,candidate,,,,,,,,,,,Awaiting independent verification against source before triage.,,Reported by Lanes G+H+I agent as a BA-0001 sibling pattern. NOT yet verified by me.
BA-0016,A fourth scheduler exists: the Push Reminders GitHub Actions cron is still active and outside the cutover,deployment-safety,P2,high,validated,"`.github/workflows/push-reminders-cron.yml` runs on schedule '*/10 * * * *' and curls PUSH_REMINDERS_CRON_URL. It was never considered during the 2026-07-29 Cloudflare cutover, which only reconciled Vercel Cron against Cloudflare Cron Triggers.",GitHub Actions scheduled workflow,single-scheduler invariant,POST to whatever PUSH_REMINDERS_CRON_URL points at,.github/workflows/push-reminders-cron.yml:4-25,,,,"On Raoof128/Syllabus-Sync the workflow is ACTIVE but PUSH_REMINDERS_CRON_URL/SECRET are unset, so its own guard exits before curling. Secret state on the original mrpouyaalavi/syllabus-sync repo could not be read (HTTP 403).",,,,"VERIFIED BY ME via gh api: workflow state=active, and gh secret list shows no PUSH_REMINDERS entries on Raoof128. Currently harmless there but fails every 10 minutes as noise, and becomes a real duplicate scheduler the moment those secrets are populated - especially if pointed at the retained Vercel origin. Together with BA-0011 this means the cutover record's single-scheduler statement accounted for two of a possible four schedulers: Vercel Cron, Cloudflare Cron, pg_cron, and GitHub Actions. Action: disable the workflow or repoint it, and confirm secret state on the original repo."
BA-0017,"Reported: lib/supabase/admin.ts reads SUPABASE_SERVICE_ROLE_KEY at module scope, fragile under OpenNext env population",pending-triage,P2,unverified,candidate,,,,,,,,,,,Awaiting independent verification against source before triage.,,Reported by Lane K agent; consistent with my own Lane C observation. NOT independently verified.
BA-0018,"Reported: Sentry init uses an unawaited void import().then() not bound to ctx.waitUntil(), can be cut off on Workers",pending-triage,P2,unverified,candidate,,,,,,,,,,,Awaiting independent verification against source before triage.,,Reported by Lane K agent. NOT yet verified by me.
BA-0019,Reported: in-memory rate-limit fallback is isolate-local; reachable only via the BA-0017 failure path,pending-triage,P3,unverified,candidate,,,,,,,,,,,Awaiting independent verification against source before triage.,,Reported by Lane K agent as well-guarded with fail-closed logic for critical endpoints. NOT yet verified by me.
BA-0020,Reported: NotificationService module singleton is SSR-reachable across users; all current mutation paths guarded,pending-triage,P3,unverified,candidate,,,,,,,,,,,Awaiting independent verification against source before triage.,,Reported by Lane K agent. NOT yet verified by me. Lane K found no module global holding user-derived data.
BA-0022,"ensure_user_profile() is SECURITY DEFINER, granted to authenticated, with no ownership check - any user could overwrite another user's profile email",tenant-isolation,P0,high,fixed_targeted,"20260109013302_disable_all_auth_triggers.sql creates ensure_user_profile() as SECURITY DEFINER, GRANTs EXECUTE to authenticated, and never checks p_user_id against auth.uid(). No later migration redefines or drops the function, so this is the effective state. Its sibling create_user_profile() (same file era) already had the check; this function never did.","any authenticated Supabase client: supabase.rpc('ensure_user_profile', { p_user_id, p_email, p_full_name })",none - missing ownership check on a SECURITY DEFINER function granted to authenticated,"profiles.email/updated_at for an arbitrary victim uuid (ON CONFLICT DO UPDATE fires immediately since the row exists), plus a silently created gamification_profiles row",supabase/migrations/20260109013302_disable_all_auth_triggers.sql:52-75,tests/security/ensure-user-profile-idor.test.ts,0054ed49,"RED without the migration: test asserted the final function body contains an auth.uid() IS DISTINCT FROM p_user_id check and failed since no migration set it. GREEN with 20260729090000_fix_ensure_user_profile_idor.sql. Full test suite 1128/1128, typecheck clean, lint clean. NOT APPLIED to any database - the migration is committed but unrun, so the production exposure REMAINS until it is deployed.",LIVE IN PRODUCTION. Requires a database migration to fix; cannot be resolved by a code deploy.,,Awaiting independent verification against source before triage.,,"VERIFIED BY ME by reading the migration chronology (grep confirms only one CREATE OR REPLACE FUNCTION ensure_user_profile in the 65-file migration set, no DROP FUNCTION). Attacker capability required is one authenticated session plus a target UUID (discoverable via BA-0021/BA-0023 leaks or any shared-content list), which is why this is P0. Fix migration adds the ownership check used elsewhere in the codebase (award_xp, update_streak)."
BA-0023,mv_deadline_analytics / mv_user_activity_summary / mv_xp_leaderboard are materialized views granted SELECT to authenticated and cannot carry RLS,tenant-isolation,P0,high,fixed_targeted,"20260114000000_add_missing_materialized_views.sql and 20260124000000_complete_schema_initialization.sql GRANT SELECT on all three matviews to authenticated. Materialized views are physically-stored snapshots refreshed by a service-role/definer context; Postgres has no security_invoker (or any RLS mechanism) for relkind='m', so the direct grant is un-filterable - every row goes to every logged-in user. mv_xp_leaderboard's final definition also dropped the LIMIT 100 present in an earlier version, so it returns the full roster, not a top-100 board.",any authenticated Supabase client: supabase.from('mv_user_activity_summary'|'mv_deadline_analytics'|'mv_xp_leaderboard').select('*'),none possible on a materialized view - the grant itself is the exposure,"every user's deadline/completion/overdue counts, activity telemetry (streaks, last action), and full XP/rank roster",supabase/migrations/20260114000000_add_missing_materialized_views.sql:57-59; supabase/migrations/20260124000000_complete_schema_initialization.sql:408-412,tests/security/materialized-view-grants.test.ts,d33f78fe,"RED without the migration: test confirmed authenticated still held direct SELECT on all three matviews at the end of the migration chain and no replacement function existed. GREEN with 20260729090100_lock_down_materialized_views.sql. Full test suite 1128/1128, typecheck clean, lint clean. NOT APPLIED to any database - exposure REMAINS live until deployed.",LIVE IN PRODUCTION. Requires a database migration to fix; cannot be resolved by a code deploy.,,Awaiting independent verification against source before triage.,,"VERIFIED BY ME against the migration chain; no later migration revokes the grant. Fix revokes SELECT from authenticated on all three matviews (grants it to service_role instead) and adds get_my_deadline_analytics()/get_my_activity_summary()/get_xp_leaderboard() SECURITY DEFINER functions that filter by auth.uid() (leaderboard reinstates LIMIT 100). Verification DO block reads pg_class.relacl directly via aclexplode() rather than information_schema.role_table_grants, which does not cover materialized views and would otherwise silently report no offenders even if the REVOKE never ran."
BA-0024,recent_audit_activity / security_audit_events views over audit_logs lack security_invoker,tenant-isolation,P0,high,fixed_targeted,"20260129000000_add_audit_logging.sql creates both views over audit_logs with no security_invoker option and GRANTs SELECT to authenticated, while audit_logs itself has a correct own-row RLS policy. Without security_invoker the views run as their owner, bypassing that policy for every caller - same defect class as BA-0021 (user_details).",any authenticated Supabase client: supabase.from('recent_audit_activity'|'security_audit_events').select('*'),"RLS on audit_logs (auth.uid() = user_id), bypassed at the view layer without security_invoker","every user's audit trail: password/email changes, login/logout, MFA events, IP addresses, user agents, old/new_data payloads",supabase/migrations/20260129000000_add_audit_logging.sql:308-331,tests/security/view-security-invoker.test.ts,143f52fc,"Checked BEFORE writing any new migration per instruction: commit 143f52fc (20260729080000_restore_view_security_invoker.sql) sets security_invoker on every public view whose pg_class.reloptions lack it via a catalog scan (relkind='v'), not a hardcoded view list. Both recent_audit_activity and security_audit_events are relkind='v' (plain views, not materialized) and are covered. tests/security/view-security-invoker.test.ts already asserts this for every CREATE VIEW found in the migration chain, including these two, and passes (verified by re-running it in this session together with the four new BA-0022/23/25/26 tests: 17/17 across the 5 files, full suite 1128/1128).",Already resolved by an earlier commit in this branch (143f52fc) pending the same database deployment as BA-0021. No additional code change needed for this finding specifically.,,Awaiting independent verification against source before triage.,,"This finding does NOT require a new migration or test - it was already fixed as a side effect of the BA-0021 catalog-driven fix, which the task brief specifically flagged as worth checking first. Confirmed by reading 20260729080000_restore_view_security_invoker.sql (fixes every public view lacking the option, explicitly calls out recent_audit_activity in its own header comment) and by re-running the existing regression test. No rejection - the underlying claim was correct, it is simply already closed."
BA-0025,"webauthn_challenges RLS policies lack TO authenticated and include OR user_id IS NULL, reachable with the anon key",authentication,P0,high,fixed_targeted,"20260207000000_add_webauthn_tables.sql (faithfully re-created, not fixed, at 20260214003000_restore_missing_core_security_tables.sql) creates SELECT/INSERT/DELETE policies with USING/WITH CHECK (auth.uid() = user_id OR user_id IS NULL) and no TO clause, so they apply to PUBLIC including anon. No table-level REVOKE narrows this back.","unauthenticated PostgREST call with the public anon key: supabase.from('webauthn_challenges').select('*').is('user_id', null) or .delete()",none required - no signup or session needed,"every in-flight passkey registration/login challenge system-wide (read, insert, or delete)",supabase/migrations/20260207000000_add_webauthn_tables.sql:95-108; supabase/migrations/20260214003000_restore_missing_core_security_tables.sql:245-272,tests/security/webauthn-challenges-policy-scope.test.ts,0cf171d9,"RED without the migration: test found the three client-facing policies still defined with no TO service_role scoping at the end of the chain. GREEN with 20260729090200_fix_webauthn_challenges_anon_exposure.sql. Full test suite 1128/1128, typecheck clean, lint clean. NOT APPLIED to any database - exposure REMAINS live until deployed.",LIVE IN PRODUCTION. Requires a database migration to fix; cannot be resolved by a code deploy.,,Awaiting independent verification against source before triage.,,"VERIFIED BY ME: grepped for GRANT/REVOKE on webauthn_challenges (none found, so anon retains whatever Supabase's project-default table privileges are - untouched since table creation) and confirmed lib/security/webauthn.ts is the only code touching this table, exclusively via createAdminClient() (service_role, bypasses RLS). Since no legitimate client-side path depends on these policies, the fix drops all three rather than merely adding TO authenticated, closing the anon exposure completely. Related to BA-0001 (challenge atomicity, already fixed)."
BA-0026,P1: gamification_profiles self-service XP tampering; on_deadline_completed double XP by toggling completed; schedule_members UPDATE permitting reassignment to arbitrary users/roles,tenant-isolation,P1,high,fixed_targeted,"Three independent gaps, all USING-only RLS policies or missing table-level revokes: (a) gamification_profiles UPDATE policy checks only auth.uid()=user_id, not which columns change, and INSERT/UPDATE remain GRANTed to authenticated even after 20260214000000 hardened the RPC functions but not the table grant; (b) on_deadline_completed() has no idempotency guard and xp_events had no UNIQUE constraint, so toggling deadlines.completed false/true re-earns XP; (c) 'Schedule owners can update members' (20260220100000_realtime_offline.sql) has no WITH CHECK, so user_id/role are unconstrained on the new row.","(a) supabase.from('gamification_profiles').update({xp:...}); (b) repeated toggling of deadlines.completed via the normal API; (c) supabase.from('schedule_members').update({user_id, role})","(a) none beyond row ownership; (b) none; (c) row ownership of the parent schedule only, no column-level check",(a) gamification_profiles.xp/streak_days/longest_streak; (b) xp_events + gamification_profiles.xp via duplicate award_xp() calls; (c) schedule_members.user_id/role for an arbitrary target row,"supabase/migrations/20260124000000_complete_schema_initialization.sql:276,334; supabase/migrations/20260114014506_schema_cleanup_and_normalization.sql:294-329; supabase/migrations/20260220100000_realtime_offline.sql:79-83",tests/security/gamification-and-schedule-tampering.test.ts,b73d463a,"RED without the migration across all three sub-findings: authenticated still held INSERT/UPDATE on gamification_profiles, award_xp() had no already_awarded guard and no unique index existed, and the schedule_members update policy had no WITH CHECK / no reassignment trigger. GREEN with 20260729090300_fix_gamification_and_schedule_tampering.sql. Full test suite 1128/1128, typecheck clean, lint clean. NOT APPLIED to any database.",Live in production. Requires a database migration to fix; cannot be resolved by a code deploy.,,Awaiting independent verification against source before triage.,,"VERIFIED BY ME against the migration chain for all three sub-parts. Fix (a) revokes INSERT/UPDATE from authenticated (award_xp/update_streak are SECURITY DEFINER and run as table owner, unaffected); (b) adds a UNIQUE index on xp_events(user_id,event_type,reference_id) plus an already_awarded short-circuit in award_xp(); (c) adds WITH CHECK blocking role='owner' plus a BEFORE UPDATE trigger blocking user_id reassignment outside service_role, since RLS predicates alone cannot compare OLD vs NEW columns."
BA-0027,"Reported: CREATE MATERIALIZED VIEW IF NOT EXISTS silently no-ops, so a later migration's richer matview schema was never applied",pending-triage,P2,unverified,candidate,"Claimed: 20260114000000 creates mv_deadline_analytics with a narrower column set; 20260114013519 then uses CREATE MATERIALIZED VIEW IF NOT EXISTS, which does not replace an existing definition, so the intended week_start/priority/type columns were never added. The following CREATE UNIQUE INDEX on those columns would then fail on a fresh replay.",,,,supabase/migrations/20260114013519_add_soft_deletes_constraints_seeds.sql:242-305,,,,"If true, the migration chain is not replayable from scratch - relevant to disaster recovery and to standing up any staging database.",,Awaiting independent verification.,,"Observation originated from the Lane D subagent, which attempted to fix it by EDITING the already-applied historical migration in the main worktree and inserting DROP MATERIALIZED VIEW statements. That edit was reverted; main is clean. Editing an applied migration is not an acceptable fix - the file would no longer match what ran against production, and the added DROPs would destroy those views on replay. The underlying observation may still be valid and is worth verifying, but any fix must be a NEW forward migration. The reverted diff is kept at proposed-migrations/REVERTED-main-edit.patch for reference only."
